store_id,product_id,current_stock,in_transit_stock,reserved_stock,target_stock_level,reorder_point,capital_allocated,weeks_of_cover
STORE_01,PROD_001,8,0,0,7,3,52000.0,4.16
STORE_01,PROD_002,4,0,0,5,2,34000.0,2.67
STORE_01,PROD_003,3,0,0,4,2,21600.0,6.0
STORE_01,PROD_004,4,0,0,3,2,31200.0,6.12
STORE_01,PROD_005,0,0,0,0,2,0.0,0.0
STORE_01,PROD_006,5,0,0,5,2,31000.0,2.71
STORE_01,PROD_007,6,0,0,6,3,54000.0,3.18
STORE_01,PROD_008,8,0,0,7,3,76000.0,4.95
STORE_01,PROD_009,5,0,0,6,3,55000.0,2.57
STORE_01,PROD_010,5,0,0,6,3,60000.0,3.51
STORE_01,PROD_011,5,0,0,4,2,52500.0,8.12
STORE_01,PROD_012,2,0,0,3,2,22400.0,3.25
STORE_01,PROD_013,8,0,0,7,3,65600.0,4.12
STORE_01,PROD_014,5,0,0,5,2,51000.0,3.47
STORE_01,PROD_015,2,0,0,3,2,19600.0,2.97
STORE_01,PROD_016,5,0,0,5,2,57500.0,3.47
STORE_01,PROD_017,1,0,0,1,2,6800.0,10.0
STORE_01,PROD_018,6,0,0,6,3,44400.0,6.5
STORE_01,PROD_019,3,0,0,3,2,42000.0,6.24
STORE_01,PROD_020,8,0,0,8,4,124000.0,3.65
STORE_01,PROD_021,7,0,0,6,3,126000.0,3.25
STORE_01,PROD_022,7,0,0,6,3,143500.0,4.23
STORE_01,PROD_023,3,0,0,4,2,66000.0,5.38
STORE_01,PROD_024,3,0,0,3,2,73500.0,4.33
STORE_01,PROD_025,5,0,0,7,3,82500.0,2.32
STORE_01,PROD_026,8,0,0,8,4,152000.0,3.75
STORE_01,PROD_027,6,0,0,8,4,156000.0,3.55
STORE_01,PROD_028,5,0,0,6,3,140000.0,3.17
STORE_01,PROD_029,7,0,0,7,3,210000.0,3.31
STORE_01,PROD_030,1,0,0,1,2,25000.0,10.0
STORE_01,PROD_031,7,0,0,8,4,122500.0,4.0
STORE_01,PROD_032,3,0,0,4,2,63000.0,4.22
STORE_01,PROD_033,8,0,0,7,3,184000.0,3.68
STORE_01,PROD_034,6,0,0,6,3,96000.0,7.26
STORE_01,PROD_035,1,0,0,2,2,17200.0,1.58
STORE_01,PROD_036,7,0,0,7,3,101500.0,3.28
STORE_01,PROD_037,6,0,0,7,3,117000.0,3.43
STORE_01,PROD_038,6,0,0,6,3,162000.0,2.84
STORE_01,PROD_039,2,0,0,3,2,76000.0,4.16
STORE_01,PROD_040,9,0,0,9,4,378000.0,3.69
STORE_01,PROD_041,8,0,0,7,3,368000.0,3.2
STORE_01,PROD_042,8,0,0,9,4,400000.0,4.24
STORE_01,PROD_043,6,0,0,6,3,324000.0,8.0
STORE_01,PROD_044,3,0,0,3,2,174000.0,3.8
STORE_01,PROD_045,10,0,0,8,4,350000.0,4.0
STORE_01,PROD_046,9,0,0,9,4,360000.0,3.66
STORE_01,PROD_047,7,0,0,8,4,308000.0,3.68
STORE_01,PROD_048,9,0,0,8,4,432000.0,4.82
STORE_01,PROD_049,3,0,0,4,2,156000.0,3.71
STORE_01,PROD_050,9,0,0,7,3,387000.0,5.09
STORE_01,PROD_051,6,0,0,7,3,222000.0,6.24
STORE_01,PROD_052,4,0,0,3,2,156000.0,5.78
STORE_01,PROD_053,2,0,0,2,2,144000.0,6.12
STORE_01,PROD_054,5,0,0,5,2,410000.0,3.21
STORE_01,PROD_055,4,0,0,4,2,360000.0,9.04
STORE_01,PROD_056,4,0,0,5,2,408000.0,3.53
STORE_01,PROD_057,2,0,0,3,2,216000.0,4.52
STORE_01,PROD_058,2,0,0,2,2,236000.0,5.47
STORE_01,PROD_059,6,0,0,5,2,468000.0,4.11
STORE_01,PROD_060,3,0,0,4,2,255000.0,2.64
STORE_02,PROD_001,6,0,0,7,3,39000.0,2.38
STORE_02,PROD_002,7,0,0,8,4,59500.0,3.83
STORE_02,PROD_003,4,0,0,5,2,28800.0,6.5
STORE_02,PROD_004,5,0,0,4,2,39000.0,5.91
STORE_02,PROD_005,0,0,0,0,2,0.0,0.0
STORE_02,PROD_006,7,0,0,8,4,43400.0,2.91
STORE_02,PROD_007,6,0,0,8,4,54000.0,2.46
STORE_02,PROD_008,8,0,0,8,4,76000.0,4.43
STORE_02,PROD_009,7,0,0,7,3,77000.0,2.89
STORE_02,PROD_010,11,0,0,9,4,132000.0,6.09
STORE_02,PROD_011,4,0,0,5,2,42000.0,5.33
STORE_02,PROD_012,3,0,0,3,2,33600.0,3.71
STORE_02,PROD_013,8,0,0,7,3,65600.0,3.22
STORE_02,PROD_014,7,0,0,8,4,71400.0,3.83
STORE_02,PROD_015,4,0,0,4,2,39200.0,5.2
STORE_02,PROD_016,8,0,0,8,4,92000.0,4.47
STORE_02,PROD_017,1,0,0,1,2,6800.0,10.0
STORE_02,PROD_018,10,0,0,8,4,74000.0,8.97
STORE_02,PROD_019,5,0,0,4,2,70000.0,8.39
STORE_02,PROD_020,6,0,0,8,4,93000.0,2.2
STORE_02,PROD_021,7,0,0,9,4,126000.0,2.46
STORE_02,PROD_022,8,0,0,8,4,164000.0,3.78
STORE_02,PROD_023,3,0,0,4,2,66000.0,4.11
STORE_02,PROD_024,4,0,0,4,2,98000.0,4.33
STORE_02,PROD_025,8,0,0,9,4,132000.0,2.89
STORE_02,PROD_026,8,0,0,10,4,152000.0,2.85
STORE_02,PROD_027,7,0,0,9,4,182000.0,3.34
STORE_02,PROD_028,6,0,0,7,3,168000.0,2.81
STORE_02,PROD_029,11,0,0,10,4,330000.0,3.86
STORE_02,PROD_030,1,0,0,1,2,25000.0,10.0
STORE_02,PROD_031,7,0,0,7,3,122500.0,3.4
STORE_02,PROD_032,4,0,0,4,2,84000.0,4.84
STORE_02,PROD_033,12,0,0,10,4,276000.0,4.49
STORE_02,PROD_034,4,0,0,5,2,64000.0,4.16
STORE_02,PROD_035,5,0,0,4,2,86000.0,5.78
STORE_02,PROD_036,10,0,0,8,4,145000.0,3.44
STORE_02,PROD_037,9,0,0,9,4,175500.0,4.14
STORE_02,PROD_038,7,0,0,9,4,189000.0,2.62
STORE_02,PROD_039,4,0,0,4,2,152000.0,5.94
STORE_02,PROD_040,8,0,0,11,5,336000.0,2.3
STORE_02,PROD_041,9,0,0,11,5,414000.0,2.53
STORE_02,PROD_042,13,0,0,11,5,650000.0,4.83
STORE_02,PROD_043,7,0,0,7,3,378000.0,6.62
STORE_02,PROD_044,5,0,0,5,2,290000.0,4.26
STORE_02,PROD_045,16,0,0,13,6,560000.0,4.4
STORE_02,PROD_046,11,0,0,12,5,440000.0,3.09
STORE_02,PROD_047,7,0,0,9,4,308000.0,2.68
STORE_02,PROD_048,8,0,0,9,4,384000.0,2.97
STORE_02,PROD_049,4,0,0,4,2,208000.0,3.41
STORE_02,PROD_050,10,0,0,9,4,430000.0,3.69
STORE_02,PROD_051,8,0,0,7,3,296000.0,6.3
STORE_02,PROD_052,3,0,0,4,2,117000.0,2.74
STORE_02,PROD_053,3,0,0,3,2,216000.0,7.09
STORE_02,PROD_054,7,0,0,6,3,574000.0,3.34
STORE_02,PROD_055,4,0,0,4,2,360000.0,6.3
STORE_02,PROD_056,7,0,0,7,3,714000.0,4.28
STORE_02,PROD_057,5,0,0,4,2,540000.0,5.65
STORE_02,PROD_058,3,0,0,3,2,354000.0,4.88
STORE_02,PROD_059,8,0,0,7,3,624000.0,3.78
STORE_02,PROD_060,6,0,0,5,2,510000.0,3.9
STORE_03,PROD_001,7,0,0,7,3,45500.0,3.75
STORE_03,PROD_002,6,0,0,6,3,51000.0,4.33
STORE_03,PROD_003,3,0,0,3,2,21600.0,6.5
STORE_03,PROD_004,3,0,0,3,2,23400.0,5.03
STORE_03,PROD_005,0,0,0,0,2,0.0,0.0
STORE_03,PROD_006,8,0,0,7,3,49600.0,4.29
STORE_03,PROD_007,7,0,0,7,3,63000.0,3.64
STORE_03,PROD_008,5,0,0,6,3,47500.0,3.51
STORE_03,PROD_009,7,0,0,7,3,77000.0,3.6
STORE_03,PROD_010,6,0,0,6,3,72000.0,4.59
STORE_03,PROD_011,3,0,0,3,2,31500.0,5.78
STORE_03,PROD_012,3,0,0,3,2,33600.0,5.57
STORE_03,PROD_013,5,0,0,6,3,41000.0,2.65
STORE_03,PROD_014,8,0,0,7,3,81600.0,5.94
STORE_03,PROD_015,2,0,0,3,2,19600.0,2.89
STORE_03,PROD_016,6,0,0,6,3,69000.0,4.11
STORE_03,PROD_017,1,0,0,1,2,6800.0,10.0
STORE_03,PROD_018,4,0,0,5,2,29600.0,5.2
STORE_03,PROD_019,4,0,0,3,2,56000.0,10.4
STORE_03,PROD_020,5,0,0,6,3,77500.0,2.5
STORE_03,PROD_021,5,0,0,7,3,90000.0,2.48
STORE_03,PROD_022,7,0,0,7,3,143500.0,4.61
STORE_03,PROD_023,3,0,0,3,2,66000.0,5.57
STORE_03,PROD_024,3,0,0,3,2,73500.0,4.0
STORE_03,PROD_025,6,0,0,6,3,99000.0,2.97
STORE_03,PROD_026,5,0,0,7,3,95000.0,2.43
STORE_03,PROD_027,6,0,0,7,3,156000.0,4.0
STORE_03,PROD_028,6,0,0,7,3,168000.0,3.71
STORE_03,PROD_029,7,0,0,7,3,210000.0,3.47
STORE_03,PROD_030,1,0,0,1,2,25000.0,10.0
STORE_03,PROD_031,7,0,0,7,3,122500.0,4.33
STORE_03,PROD_032,3,0,0,3,2,63000.0,4.22
STORE_03,PROD_033,8,0,0,7,3,184000.0,3.89
STORE_03,PROD_034,4,0,0,5,2,64000.0,5.47
STORE_03,PROD_035,2,0,0,2,2,34400.0,3.25
STORE_03,PROD_036,8,0,0,7,3,116000.0,3.82
STORE_03,PROD_037,6,0,0,7,3,117000.0,3.76
STORE_03,PROD_038,8,0,0,7,3,216000.0,3.96
STORE_03,PROD_039,2,0,0,2,2,76000.0,6.93
STORE_03,PROD_040,6,0,0,6,3,252000.0,3.03
STORE_03,PROD_041,5,0,0,5,2,230000.0,2.55
STORE_03,PROD_042,5,0,0,6,3,250000.0,3.56
STORE_03,PROD_043,3,0,0,4,2,162000.0,4.88
STORE_03,PROD_044,2,0,0,3,2,116000.0,3.59
STORE_03,PROD_045,6,0,0,6,3,210000.0,3.06
STORE_03,PROD_046,9,0,0,7,3,360000.0,4.73
STORE_03,PROD_047,4,0,0,5,2,176000.0,2.81
STORE_03,PROD_048,7,0,0,7,3,336000.0,4.67
STORE_03,PROD_049,3,0,0,3,2,156000.0,5.03
STORE_03,PROD_050,6,0,0,7,3,258000.0,4.0
STORE_03,PROD_051,5,0,0,5,2,185000.0,7.22
STORE_03,PROD_052,3,0,0,3,2,117000.0,5.57
STORE_03,PROD_053,3,0,0,3,2,216000.0,10.4
STORE_03,PROD_054,4,0,0,4,2,328000.0,4.24
STORE_03,PROD_055,3,0,0,3,2,270000.0,9.75
STORE_03,PROD_056,3,0,0,4,2,306000.0,3.9
STORE_03,PROD_057,2,0,0,2,2,216000.0,6.12
STORE_03,PROD_058,2,0,0,2,2,236000.0,5.78
STORE_03,PROD_059,5,0,0,4,2,390000.0,5.1
STORE_03,PROD_060,3,0,0,4,2,255000.0,4.11
STORE_04,PROD_001,5,0,0,7,3,32500.0,2.32
STORE_04,PROD_002,6,0,0,8,4,51000.0,3.51
STORE_04,PROD_003,4,0,0,4,2,28800.0,7.17
STORE_04,PROD_004,3,0,0,3,2,23400.0,4.33
STORE_04,PROD_005,0,0,0,0,2,0.0,0.0
STORE_04,PROD_006,6,0,0,6,3,37200.0,2.81
STORE_04,PROD_007,7,0,0,8,4,63000.0,3.22
STORE_04,PROD_008,6,0,0,7,3,57000.0,3.59
STORE_04,PROD_009,6,0,0,6,3,66000.0,2.92
STORE_04,PROD_010,6,0,0,6,3,72000.0,3.76
STORE_04,PROD_011,5,0,0,5,2,52500.0,7.65
STORE_04,PROD_012,3,0,0,3,2,33600.0,4.46
STORE_04,PROD_013,7,0,0,7,3,57400.0,3.28
STORE_04,PROD_014,8,0,0,7,3,81600.0,4.95
STORE_04,PROD_015,3,0,0,3,2,29400.0,4.46
STORE_04,PROD_016,7,0,0,7,3,80500.0,4.28
STORE_04,PROD_017,1,0,0,1,2,6800.0,10.0
STORE_04,PROD_018,6,0,0,6,3,44400.0,6.24
STORE_04,PROD_019,3,0,0,4,2,42000.0,5.38
STORE_04,PROD_020,6,0,0,7,3,93000.0,2.29
STORE_04,PROD_021,10,0,0,8,4,180000.0,4.0
STORE_04,PROD_022,9,0,0,9,4,184500.0,4.73
STORE_04,PROD_023,3,0,0,4,2,66000.0,4.33
STORE_04,PROD_024,3,0,0,3,2,73500.0,3.71
STORE_04,PROD_025,11,0,0,9,4,181500.0,4.24
STORE_04,PROD_026,5,0,0,7,3,95000.0,1.95
STORE_04,PROD_027,7,0,0,7,3,182000.0,3.71
STORE_04,PROD_028,7,0,0,6,3,196000.0,3.64
STORE_04,PROD_029,9,0,0,8,4,270000.0,3.6
STORE_04,PROD_030,1,0,0,1,2,25000.0,10.0
STORE_04,PROD_031,8,0,0,8,4,140000.0,4.24
STORE_04,PROD_032,2,0,0,3,2,42000.0,2.48
STORE_04,PROD_033,8,0,0,9,4,184000.0,3.15
STORE_04,PROD_034,5,0,0,6,3,80000.0,5.42
STORE_04,PROD_035,3,0,0,3,2,51600.0,3.71
STORE_04,PROD_036,9,0,0,8,4,130500.0,3.71
STORE_04,PROD_037,6,0,0,7,3,117000.0,3.06
STORE_04,PROD_038,10,0,0,9,4,270000.0,3.97
STORE_04,PROD_039,4,0,0,3,2,152000.0,8.0
STORE_04,PROD_040,7,0,0,7,3,294000.0,2.62
STORE_04,PROD_041,7,0,0,10,4,322000.0,2.64
STORE_04,PROD_042,7,0,0,8,4,350000.0,3.53
STORE_04,PROD_043,4,0,0,5,2,216000.0,5.47
STORE_04,PROD_044,3,0,0,4,2,174000.0,3.71
STORE_04,PROD_045,5,0,0,7,3,175000.0,2.0
STORE_04,PROD_046,7,0,0,7,3,280000.0,2.64
STORE_04,PROD_047,8,0,0,7,3,352000.0,4.08
STORE_04,PROD_048,8,0,0,8,4,384000.0,4.2
STORE_04,PROD_049,4,0,0,3,2,208000.0,4.73
STORE_04,PROD_050,8,0,0,7,3,344000.0,3.92
STORE_04,PROD_051,7,0,0,6,3,259000.0,6.62
STORE_04,PROD_052,3,0,0,3,2,117000.0,4.11
STORE_04,PROD_053,2,0,0,2,2,144000.0,6.12
STORE_04,PROD_054,6,0,0,5,2,492000.0,3.71
STORE_04,PROD_055,3,0,0,3,2,270000.0,7.09
STORE_04,PROD_056,3,0,0,4,2,306000.0,2.6
STORE_04,PROD_057,4,0,0,3,2,432000.0,9.04
STORE_04,PROD_058,2,0,0,2,2,236000.0,4.73
STORE_04,PROD_059,4,0,0,6,3,312000.0,2.51
STORE_04,PROD_060,6,0,0,5,2,510000.0,5.2
STORE_05,PROD_001,8,0,0,7,3,52000.0,4.12
STORE_05,PROD_002,5,0,0,6,3,42500.0,3.38
STORE_05,PROD_003,2,0,0,3,2,14400.0,4.16
STORE_05,PROD_004,3,0,0,3,2,23400.0,4.46
STORE_05,PROD_005,0,0,0,0,2,0.0,0.0
STORE_05,PROD_006,6,0,0,7,3,37200.0,3.18
STORE_05,PROD_007,5,0,0,6,3,45000.0,2.63
STORE_05,PROD_008,6,0,0,5,2,57000.0,4.05
STORE_05,PROD_009,5,0,0,6,3,55000.0,2.63
STORE_05,PROD_010,6,0,0,6,3,72000.0,4.33
STORE_05,PROD_011,4,0,0,4,2,42000.0,7.7
STORE_05,PROD_012,3,0,0,3,2,33600.0,5.2
STORE_05,PROD_013,4,0,0,6,3,32800.0,2.1
STORE_05,PROD_014,6,0,0,7,3,61200.0,3.9
STORE_05,PROD_015,4,0,0,3,2,39200.0,5.78
STORE_05,PROD_016,4,0,0,6,3,46000.0,2.85
STORE_05,PROD_017,1,0,0,1,2,6800.0,10.0
STORE_05,PROD_018,4,0,0,5,2,29600.0,4.95
STORE_05,PROD_019,3,0,0,3,2,42000.0,7.43
STORE_05,PROD_020,7,0,0,6,3,108500.0,3.6
STORE_05,PROD_021,6,0,0,6,3,108000.0,3.18
STORE_05,PROD_022,4,0,0,5,2,82000.0,2.63
STORE_05,PROD_023,2,0,0,3,2,44000.0,4.16
STORE_05,PROD_024,3,0,0,3,2,73500.0,4.88
STORE_05,PROD_025,7,0,0,6,3,115500.0,3.5
STORE_05,PROD_026,5,0,0,6,3,95000.0,2.65
STORE_05,PROD_027,4,0,0,5,2,104000.0,2.85
STORE_05,PROD_028,4,0,0,5,2,112000.0,2.93
STORE_05,PROD_029,7,0,0,7,3,210000.0,3.6
STORE_05,PROD_030,1,0,0,1,2,25000.0,10.0
STORE_05,PROD_031,5,0,0,5,2,87500.0,3.56
STORE_05,PROD_032,3,0,0,3,2,63000.0,4.59
STORE_05,PROD_033,5,0,0,6,3,115000.0,2.68
STORE_05,PROD_034,3,0,0,3,2,48000.0,5.2
STORE_05,PROD_035,3,0,0,3,2,51600.0,5.03
STORE_05,PROD_036,9,0,0,7,3,130500.0,4.78
STORE_05,PROD_037,6,0,0,7,3,117000.0,4.33
STORE_05,PROD_038,7,0,0,6,3,189000.0,3.75
STORE_05,PROD_039,2,0,0,2,2,76000.0,8.0
STORE_05,PROD_040,4,0,0,4,2,168000.0,3.59
STORE_05,PROD_041,4,0,0,4,2,184000.0,3.47
STORE_05,PROD_042,3,0,0,4,2,150000.0,3.0
STORE_05,PROD_043,2,0,0,2,2,108000.0,5.47
STORE_05,PROD_044,2,0,0,2,2,116000.0,5.2
STORE_05,PROD_045,5,0,0,5,2,175000.0,4.26
STORE_05,PROD_046,4,0,0,5,2,160000.0,3.35
STORE_05,PROD_047,4,0,0,4,2,176000.0,4.24
STORE_05,PROD_048,4,0,0,4,2,192000.0,3.92
STORE_05,PROD_049,2,0,0,2,2,104000.0,5.2
STORE_05,PROD_050,3,0,0,4,2,129000.0,3.0
STORE_05,PROD_051,4,0,0,3,2,148000.0,10.4
STORE_05,PROD_052,2,0,0,2,2,78000.0,5.2
STORE_05,PROD_053,1,0,0,1,2,72000.0,10.0
STORE_05,PROD_054,3,0,0,3,2,246000.0,3.63
STORE_05,PROD_055,1,0,0,1,2,90000.0,10.0
STORE_05,PROD_056,2,0,0,2,2,204000.0,3.59
STORE_05,PROD_057,1,0,0,1,2,108000.0,10.0
STORE_05,PROD_058,1,0,0,1,2,118000.0,4.33
STORE_05,PROD_059,3,0,0,3,2,234000.0,3.63
STORE_05,PROD_060,3,0,0,3,2,255000.0,5.38
STORE_06,PROD_001,4,0,0,5,2,26000.0,2.26
STORE_06,PROD_002,5,0,0,5,2,42500.0,3.61
STORE_06,PROD_003,2,0,0,2,2,14400.0,4.95
STORE_06,PROD_004,3,0,0,3,2,23400.0,4.59
STORE_06,PROD_005,0,0,0,0,2,0.0,0.0
STORE_06,PROD_006,6,0,0,5,2,37200.0,3.39
STORE_06,PROD_007,4,0,0,5,2,36000.0,2.26
STORE_06,PROD_008,4,0,0,5,2,38000.0,2.97
STORE_06,PROD_009,5,0,0,7,3,55000.0,2.74
STORE_06,PROD_010,6,0,0,6,3,72000.0,4.39
STORE_06,PROD_011,3,0,0,3,2,31500.0,6.0
STORE_06,PROD_012,2,0,0,2,2,22400.0,3.71
STORE_06,PROD_013,5,0,0,7,3,41000.0,2.68
STORE_06,PROD_014,5,0,0,5,2,51000.0,3.88
STORE_06,PROD_015,4,0,0,3,2,39200.0,6.3
STORE_06,PROD_016,7,0,0,6,3,80500.0,5.43
STORE_06,PROD_017,1,0,0,1,2,6800.0,10.0
STORE_06,PROD_018,4,0,0,4,2,29600.0,5.94
STORE_06,PROD_019,3,0,0,3,2,42000.0,7.43
STORE_06,PROD_020,6,0,0,5,2,93000.0,3.25
STORE_06,PROD_021,6,0,0,5,2,108000.0,3.22
STORE_06,PROD_022,5,0,0,6,3,102500.0,3.61
STORE_06,PROD_023,4,0,0,3,2,88000.0,8.0
STORE_06,PROD_024,3,0,0,3,2,73500.0,5.38
STORE_06,PROD_025,8,0,0,7,3,132000.0,4.24
STORE_06,PROD_026,7,0,0,6,3,133000.0,3.64
STORE_06,PROD_027,6,0,0,5,2,156000.0,4.33
STORE_06,PROD_028,7,0,0,6,3,196000.0,5.28
STORE_06,PROD_029,7,0,0,6,3,210000.0,3.96
STORE_06,PROD_030,1,0,0,1,2,25000.0,10.0
STORE_06,PROD_031,6,0,0,6,3,105000.0,4.16
STORE_06,PROD_032,2,0,0,3,2,42000.0,3.47
STORE_06,PROD_033,6,0,0,6,3,138000.0,3.28
STORE_06,PROD_034,3,0,0,4,2,48000.0,5.57
STORE_06,PROD_035,2,0,0,2,2,34400.0,3.59
STORE_06,PROD_036,6,0,0,6,3,87000.0,3.32
STORE_06,PROD_037,5,0,0,5,2,97500.0,3.66
STORE_06,PROD_038,5,0,0,6,3,135000.0,2.65
STORE_06,PROD_039,2,0,0,2,2,76000.0,8.67
STORE_06,PROD_040,2,0,0,3,2,84000.0,2.26
STORE_06,PROD_041,3,0,0,4,2,138000.0,3.25
STORE_06,PROD_042,3,0,0,3,2,150000.0,4.73
STORE_06,PROD_043,2,0,0,2,2,108000.0,6.93
STORE_06,PROD_044,2,0,0,2,2,116000.0,6.93
STORE_06,PROD_045,2,0,0,3,2,70000.0,2.17
STORE_06,PROD_046,3,0,0,3,2,120000.0,3.32
STORE_06,PROD_047,4,0,0,3,2,176000.0,6.5
STORE_06,PROD_048,4,0,0,3,2,192000.0,6.5
STORE_06,PROD_049,1,0,0,2,2,52000.0,3.25
STORE_06,PROD_050,3,0,0,3,2,129000.0,4.59
STORE_06,PROD_051,2,0,0,2,2,74000.0,6.5
STORE_06,PROD_052,1,0,0,1,2,39000.0,3.47
STORE_06,PROD_053,0,0,0,0,2,0.0,0.0
STORE_06,PROD_054,3,0,0,3,2,246000.0,3.9
STORE_06,PROD_055,0,0,0,0,2,0.0,0.0
STORE_06,PROD_056,1,0,0,2,2,102000.0,1.86
STORE_06,PROD_057,0,0,0,0,2,0.0,0.0
STORE_06,PROD_058,1,0,0,1,2,118000.0,5.2
STORE_06,PROD_059,3,0,0,3,2,234000.0,4.0
STORE_06,PROD_060,3,0,0,3,2,255000.0,5.57
STORE_07,PROD_001,5,0,0,5,2,32500.0,3.33
STORE_07,PROD_002,6,0,0,5,2,51000.0,4.88
STORE_07,PROD_003,2,0,0,3,2,14400.0,5.47
STORE_07,PROD_004,3,0,0,3,2,23400.0,5.57
STORE_07,PROD_005,0,0,0,0,2,0.0,0.0
STORE_07,PROD_006,6,0,0,6,3,37200.0,3.9
STORE_07,PROD_007,4,0,0,4,2,36000.0,2.7
STORE_07,PROD_008,5,0,0,5,2,47500.0,4.26
STORE_07,PROD_009,6,0,0,5,2,66000.0,3.95
STORE_07,PROD_010,3,0,0,4,2,36000.0,2.69
STORE_07,PROD_011,3,0,0,3,2,31500.0,7.8
STORE_07,PROD_012,3,0,0,3,2,33600.0,6.5
STORE_07,PROD_013,5,0,0,5,2,41000.0,3.21
STORE_07,PROD_014,7,0,0,6,3,71400.0,5.78
STORE_07,PROD_015,3,0,0,3,2,29400.0,5.78
STORE_07,PROD_016,4,0,0,6,3,46000.0,3.2
STORE_07,PROD_017,1,0,0,1,2,6800.0,10.0
STORE_07,PROD_018,2,0,0,3,2,14800.0,4.33
STORE_07,PROD_019,3,0,0,3,2,42000.0,7.8
STORE_07,PROD_020,6,0,0,5,2,93000.0,3.43
STORE_07,PROD_021,5,0,0,6,3,90000.0,2.86
STORE_07,PROD_022,6,0,0,6,3,123000.0,4.88
STORE_07,PROD_023,3,0,0,3,2,66000.0,6.78
STORE_07,PROD_024,3,0,0,3,2,73500.0,5.03
STORE_07,PROD_025,7,0,0,6,3,115500.0,4.33
STORE_07,PROD_026,7,0,0,6,3,133000.0,4.18
STORE_07,PROD_027,5,0,0,5,2,130000.0,4.26
STORE_07,PROD_028,5,0,0,5,2,140000.0,4.06
STORE_07,PROD_029,7,0,0,6,3,210000.0,4.09
STORE_07,PROD_030,1,0,0,1,2,25000.0,10.0
STORE_07,PROD_031,6,0,0,5,2,105000.0,5.2
STORE_07,PROD_032,2,0,0,3,2,42000.0,3.59
STORE_07,PROD_033,7,0,0,6,3,161000.0,4.0
STORE_07,PROD_034,4,0,0,3,2,64000.0,9.45
STORE_07,PROD_035,2,0,0,2,2,34400.0,3.85
STORE_07,PROD_036,4,0,0,5,2,58000.0,2.31
STORE_07,PROD_037,4,0,0,5,2,78000.0,3.2
STORE_07,PROD_038,5,0,0,6,3,135000.0,2.92
STORE_07,PROD_039,2,0,0,2,2,76000.0,8.0
STORE_07,PROD_040,3,0,0,4,2,126000.0,2.44
STORE_07,PROD_041,4,0,0,4,2,184000.0,3.59
STORE_07,PROD_042,5,0,0,4,2,250000.0,5.0
STORE_07,PROD_043,3,0,0,3,2,162000.0,8.67
STORE_07,PROD_044,2,0,0,2,2,116000.0,5.2
STORE_07,PROD_045,6,0,0,5,2,210000.0,4.8
STORE_07,PROD_046,4,0,0,4,2,160000.0,3.35
STORE_07,PROD_047,4,0,0,4,2,176000.0,4.24
STORE_07,PROD_048,5,0,0,5,2,240000.0,5.0
STORE_07,PROD_049,2,0,0,2,2,104000.0,4.52
STORE_07,PROD_050,4,0,0,4,2,172000.0,4.33
STORE_07,PROD_051,3,0,0,3,2,111000.0,8.21
STORE_07,PROD_052,1,0,0,2,2,39000.0,2.48
STORE_07,PROD_053,1,0,0,1,2,72000.0,10.0
STORE_07,PROD_054,2,0,0,3,2,164000.0,2.36
STORE_07,PROD_055,1,0,0,1,2,90000.0,10.0
STORE_07,PROD_056,2,0,0,2,2,204000.0,3.47
STORE_07,PROD_057,1,0,0,1,2,108000.0,6.5
STORE_07,PROD_058,1,0,0,1,2,118000.0,4.33
STORE_07,PROD_059,2,0,0,3,2,156000.0,2.36
STORE_07,PROD_060,2,0,0,2,2,170000.0,3.59
STORE_08,PROD_001,16,0,0,15,6,104000.0,2.8
STORE_08,PROD_002,16,0,0,16,7,136000.0,3.6
STORE_08,PROD_003,7,0,0,7,3,50400.0,4.92
STORE_08,PROD_004,10,0,0,9,4,78000.0,5.25
STORE_08,PROD_005,2,0,0,3,2,11600.0,6.12
STORE_08,PROD_006,19,0,0,19,8,117800.0,3.34
STORE_08,PROD_007,21,0,0,17,7,189000.0,3.63
STORE_08,PROD_008,19,0,0,16,7,180500.0,4.53
STORE_08,PROD_009,16,0,0,17,7,176000.0,2.76
STORE_08,PROD_010,15,0,0,16,7,180000.0,3.45
STORE_08,PROD_011,11,0,0,10,4,115500.0,6.09
STORE_08,PROD_012,5,0,0,6,3,56000.0,2.99
STORE_08,PROD_013,24,0,0,19,8,196800.0,4.35
STORE_08,PROD_014,13,0,0,16,7,132600.0,3.16
STORE_08,PROD_015,7,0,0,7,3,68600.0,3.64
STORE_08,PROD_016,20,0,0,18,8,230000.0,4.68
STORE_08,PROD_017,9,0,0,10,4,61200.0,8.67
STORE_08,PROD_018,18,0,0,17,7,133200.0,7.49
STORE_08,PROD_019,4,0,0,4,2,56000.0,6.93
STORE_08,PROD_020,8,0,0,7,3,124000.0,3.22
STORE_08,PROD_021,5,0,0,7,3,90000.0,2.1
STORE_08,PROD_022,7,0,0,8,4,143500.0,3.83
STORE_08,PROD_023,6,0,0,5,2,132000.0,9.18
STORE_08,PROD_024,5,0,0,4,2,122500.0,6.19
STORE_08,PROD_025,10,0,0,9,4,165000.0,4.06
STORE_08,PROD_026,9,0,0,8,4,171000.0,3.9
STORE_08,PROD_027,7,0,0,7,3,182000.0,3.75
STORE_08,PROD_028,7,0,0,6,3,196000.0,4.0
STORE_08,PROD_029,7,0,0,9,4,210000.0,2.8
STORE_08,PROD_030,1,0,0,1,2,25000.0,10.0
STORE_08,PROD_031,6,0,0,8,4,105000.0,3.25
STORE_08,PROD_032,5,0,0,4,2,105000.0,6.5
STORE_08,PROD_033,7,0,0,7,3,161000.0,2.82
STORE_08,PROD_034,7,0,0,6,3,112000.0,8.09
STORE_08,PROD_035,4,0,0,4,2,68800.0,5.33
STORE_08,PROD_036,8,0,0,7,3,116000.0,3.41
STORE_08,PROD_037,8,0,0,7,3,156000.0,4.33
STORE_08,PROD_038,9,0,0,8,4,243000.0,3.74
STORE_08,PROD_039,0,0,0,0,2,0.0,0.0
STORE_08,PROD_040,2,0,0,2,2,84000.0,3.06
STORE_08,PROD_041,4,0,0,3,2,184000.0,5.94
STORE_08,PROD_042,2,0,0,3,2,100000.0,3.71
STORE_08,PROD_043,0,0,0,0,2,0.0,0.0
STORE_08,PROD_044,1,0,0,1,2,58000.0,5.78
STORE_08,PROD_045,4,0,0,3,2,140000.0,5.33
STORE_08,PROD_046,2,0,0,2,2,80000.0,2.74
STORE_08,PROD_047,2,0,0,2,2,88000.0,3.71
STORE_08,PROD_048,2,0,0,2,2,96000.0,3.85
STORE_08,PROD_049,1,0,0,1,2,52000.0,4.33
STORE_08,PROD_050,2,0,0,2,2,86000.0,3.47
STORE_08,PROD_051,0,0,0,0,2,0.0,0.0
STORE_08,PROD_052,1,0,0,1,2,39000.0,5.2
STORE_08,PROD_053,0,0,0,0,2,0.0,0.0
STORE_08,PROD_054,0,0,0,0,2,0.0,0.0
STORE_08,PROD_055,0,0,0,0,2,0.0,0.0
STORE_08,PROD_056,0,0,0,0,2,0.0,0.0
STORE_08,PROD_057,0,0,0,0,2,0.0,0.0
STORE_08,PROD_058,0,0,0,0,2,0.0,0.0
STORE_08,PROD_059,0,0,0,0,2,0.0,0.0
STORE_08,PROD_060,0,0,0,0,2,0.0,0.0
STORE_09,PROD_001,6,0,0,6,3,39000.0,2.94
STORE_09,PROD_002,6,0,0,5,2,51000.0,3.9
STORE_09,PROD_003,4,0,0,4,2,28800.0,7.17
STORE_09,PROD_004,2,0,0,3,2,15600.0,2.54
STORE_09,PROD_005,0,0,0,0,2,0.0,0.0
STORE_09,PROD_006,7,0,0,7,3,43400.0,3.19
STORE_09,PROD_007,6,0,0,6,3,54000.0,2.76
STORE_09,PROD_008,5,0,0,7,3,47500.0,3.1
STORE_09,PROD_009,7,0,0,6,3,77000.0,3.28
STORE_09,PROD_010,6,0,0,8,4,72000.0,3.76
STORE_09,PROD_011,3,0,0,4,2,31500.0,4.73
STORE_09,PROD_012,2,0,0,3,2,22400.0,3.06
STORE_09,PROD_013,7,0,0,7,3,57400.0,3.19
STORE_09,PROD_014,7,0,0,7,3,71400.0,4.33
STORE_09,PROD_015,3,0,0,3,2,29400.0,3.8
STORE_09,PROD_016,4,0,0,5,2,46000.0,2.42
STORE_09,PROD_017,1,0,0,1,2,6800.0,10.0
STORE_09,PROD_018,5,0,0,6,3,37000.0,5.0
STORE_09,PROD_019,2,0,0,2,2,28000.0,6.12
STORE_09,PROD_020,4,0,0,5,2,62000.0,3.25
STORE_09,PROD_021,3,0,0,4,2,54000.0,2.48
STORE_09,PROD_022,3,0,0,4,2,61500.0,2.84
STORE_09,PROD_023,2,0,0,3,2,44000.0,5.2
STORE_09,PROD_024,2,0,0,2,2,49000.0,4.95
STORE_09,PROD_025,4,0,0,4,2,66000.0,3.25
STORE_09,PROD_026,4,0,0,4,2,76000.0,3.3
STORE_09,PROD_027,4,0,0,5,2,104000.0,4.08
STORE_09,PROD_028,4,0,0,4,2,112000.0,4.0
STORE_09,PROD_029,3,0,0,4,2,90000.0,2.56
STORE_09,PROD_030,1,0,0,1,2,25000.0,10.0
STORE_09,PROD_031,5,0,0,5,2,87500.0,4.91
STORE_09,PROD_032,2,0,0,2,2,42000.0,5.2
STORE_09,PROD_033,5,0,0,4,2,115000.0,4.06
STORE_09,PROD_034,4,0,0,3,2,64000.0,9.9
STORE_09,PROD_035,2,0,0,2,2,34400.0,4.95
STORE_09,PROD_036,4,0,0,4,2,58000.0,3.53
STORE_09,PROD_037,3,0,0,4,2,58500.0,3.06
STORE_09,PROD_038,4,0,0,4,2,108000.0,3.25
STORE_09,PROD_039,0,0,0,0,2,0.0,0.0
STORE_09,PROD_040,2,0,0,2,2,84000.0,3.71
STORE_09,PROD_041,2,0,0,2,2,92000.0,5.2
STORE_09,PROD_042,3,0,0,3,2,150000.0,6.24
STORE_09,PROD_043,0,0,0,0,2,0.0,0.0
STORE_09,PROD_044,1,0,0,1,2,58000.0,6.5
STORE_09,PROD_045,2,0,0,2,2,70000.0,3.85
STORE_09,PROD_046,2,0,0,2,2,80000.0,4.52
STORE_09,PROD_047,2,0,0,2,2,88000.0,5.2
STORE_09,PROD_048,2,0,0,2,2,96000.0,4.33
STORE_09,PROD_049,1,0,0,1,2,52000.0,6.5
STORE_09,PROD_050,2,0,0,2,2,86000.0,4.73
STORE_09,PROD_051,0,0,0,0,2,0.0,0.0
STORE_09,PROD_052,1,0,0,1,2,39000.0,8.67
STORE_09,PROD_053,0,0,0,0,2,0.0,0.0
STORE_09,PROD_054,0,0,0,0,2,0.0,0.0
STORE_09,PROD_055,0,0,0,0,2,0.0,0.0
STORE_09,PROD_056,0,0,0,0,2,0.0,0.0
STORE_09,PROD_057,0,0,0,0,2,0.0,0.0
STORE_09,PROD_058,0,0,0,0,2,0.0,0.0
STORE_09,PROD_059,0,0,0,0,2,0.0,0.0
STORE_09,PROD_060,0,0,0,0,2,0.0,0.0
STORE_10,PROD_001,5,0,0,6,3,32500.0,3.06
STORE_10,PROD_002,4,0,0,5,2,34000.0,3.47
STORE_10,PROD_003,2,0,0,2,2,14400.0,4.95
STORE_10,PROD_004,2,0,0,2,2,15600.0,3.59
STORE_10,PROD_005,0,0,0,0,2,0.0,0.0
STORE_10,PROD_006,7,0,0,6,3,43400.0,4.28
STORE_10,PROD_007,4,0,0,5,2,36000.0,2.48
STORE_10,PROD_008,4,0,0,4,2,38000.0,3.25
STORE_10,PROD_009,4,0,0,5,2,44000.0,2.45
STORE_10,PROD_010,5,0,0,5,2,60000.0,4.13
STORE_10,PROD_011,3,0,0,3,2,31500.0,7.09
STORE_10,PROD_012,2,0,0,2,2,22400.0,3.85
STORE_10,PROD_013,4,0,0,5,2,32800.0,2.39
STORE_10,PROD_014,5,0,0,5,2,51000.0,3.94
STORE_10,PROD_015,2,0,0,2,2,19600.0,3.85
STORE_10,PROD_016,6,0,0,6,3,69000.0,4.8
STORE_10,PROD_017,1,0,0,1,2,6800.0,10.0
STORE_10,PROD_018,3,0,0,4,2,22200.0,5.78
STORE_10,PROD_019,1,0,0,2,2,14000.0,3.06
STORE_10,PROD_020,3,0,0,4,2,46500.0,2.74
STORE_10,PROD_021,4,0,0,4,2,72000.0,3.85
STORE_10,PROD_022,4,0,0,4,2,82000.0,4.73
STORE_10,PROD_023,2,0,0,3,2,44000.0,5.78
STORE_10,PROD_024,2,0,0,2,2,49000.0,4.73
STORE_10,PROD_025,3,0,0,4,2,49500.0,2.89
STORE_10,PROD_026,4,0,0,4,2,76000.0,3.92
STORE_10,PROD_027,4,0,0,4,2,104000.0,4.73
STORE_10,PROD_028,4,0,0,5,2,112000.0,4.33
STORE_10,PROD_029,3,0,0,3,2,90000.0,2.74
STORE_10,PROD_030,0,0,0,0,2,0.0,0.0
STORE_10,PROD_031,2,0,0,3,2,35000.0,2.31
STORE_10,PROD_032,2,0,0,2,2,42000.0,5.2
STORE_10,PROD_033,3,0,0,3,2,69000.0,2.84
STORE_10,PROD_034,3,0,0,3,2,48000.0,8.67
STORE_10,PROD_035,2,0,0,2,2,34400.0,6.12
STORE_10,PROD_036,5,0,0,4,2,72500.0,4.91
STORE_10,PROD_037,2,0,0,3,2,39000.0,2.31
STORE_10,PROD_038,3,0,0,3,2,81000.0,2.89
STORE_10,PROD_039,0,0,0,0,2,0.0,0.0
STORE_10,PROD_040,3,0,0,3,2,126000.0,3.71
STORE_10,PROD_041,3,0,0,3,2,138000.0,3.9
STORE_10,PROD_042,2,0,0,2,2,100000.0,3.59
STORE_10,PROD_043,0,0,0,0,2,0.0,0.0
STORE_10,PROD_044,1,0,0,1,2,58000.0,4.73
STORE_10,PROD_045,2,0,0,3,2,70000.0,2.54
STORE_10,PROD_046,3,0,0,3,2,120000.0,3.55
STORE_10,PROD_047,3,0,0,3,2,132000.0,5.57
STORE_10,PROD_048,2,0,0,2,2,96000.0,3.71
STORE_10,PROD_049,1,0,0,1,2,52000.0,4.33
STORE_10,PROD_050,2,0,0,2,2,86000.0,3.71
STORE_10,PROD_051,1,0,0,1,2,37000.0,10.0
STORE_10,PROD_052,1,0,0,1,2,39000.0,5.78
STORE_10,PROD_053,0,0,0,0,2,0.0,0.0
STORE_10,PROD_054,0,0,0,0,2,0.0,0.0
STORE_10,PROD_055,0,0,0,0,2,0.0,0.0
STORE_10,PROD_056,1,0,0,1,2,102000.0,10.0
STORE_10,PROD_057,0,0,0,0,2,0.0,0.0
STORE_10,PROD_058,1,0,0,1,2,118000.0,10.0
STORE_10,PROD_059,1,0,0,1,2,78000.0,10.0
STORE_10,PROD_060,1,0,0,1,2,85000.0,10.0
STORE_11,PROD_001,5,0,0,5,2,32500.0,2.86
STORE_11,PROD_002,7,0,0,6,3,59500.0,5.35
STORE_11,PROD_003,2,0,0,3,2,14400.0,4.95
STORE_11,PROD_004,2,0,0,2,2,15600.0,3.47
STORE_11,PROD_005,0,0,0,0,2,0.0,0.0
STORE_11,PROD_006,4,0,0,6,3,24800.0,2.29
STORE_11,PROD_007,6,0,0,5,2,54000.0,3.35
STORE_11,PROD_008,7,0,0,6,3,66500.0,5.6
STORE_11,PROD_009,5,0,0,5,2,55000.0,2.8
STORE_11,PROD_010,7,0,0,6,3,84000.0,5.52
STORE_11,PROD_011,5,0,0,4,2,52500.0,10.0
STORE_11,PROD_012,4,0,0,3,2,44800.0,6.93
STORE_11,PROD_013,7,0,0,7,3,57400.0,3.96
STORE_11,PROD_014,4,0,0,5,2,40800.0,3.1
STORE_11,PROD_015,3,0,0,3,2,29400.0,4.88
STORE_11,PROD_016,4,0,0,5,2,46000.0,3.15
STORE_11,PROD_017,1,0,0,1,2,6800.0,10.0
STORE_11,PROD_018,3,0,0,3,2,22200.0,5.38
STORE_11,PROD_019,2,0,0,3,2,28000.0,5.78
STORE_11,PROD_020,5,0,0,4,2,77500.0,4.26
STORE_11,PROD_021,5,0,0,4,2,90000.0,4.26
STORE_11,PROD_022,6,0,0,5,2,123000.0,5.89
STORE_11,PROD_023,2,0,0,3,2,44000.0,5.47
STORE_11,PROD_024,2,0,0,2,2,49000.0,4.95
STORE_11,PROD_025,5,0,0,4,2,82500.0,4.13
STORE_11,PROD_026,4,0,0,4,2,76000.0,3.3
STORE_11,PROD_027,4,0,0,4,2,104000.0,4.33
STORE_11,PROD_028,3,0,0,4,2,84000.0,2.84
STORE_11,PROD_029,4,0,0,4,2,120000.0,3.41
STORE_11,PROD_030,1,0,0,1,2,25000.0,10.0
STORE_11,PROD_031,5,0,0,5,2,87500.0,5.1
STORE_11,PROD_032,1,0,0,2,2,21000.0,2.6
STORE_11,PROD_033,5,0,0,4,2,115000.0,4.06
STORE_11,PROD_034,2,0,0,2,2,32000.0,5.78
STORE_11,PROD_035,1,0,0,2,2,17200.0,2.36
STORE_11,PROD_036,3,0,0,4,2,43500.0,2.56
STORE_11,PROD_037,6,0,0,5,2,117000.0,6.12
STORE_11,PROD_038,6,0,0,5,2,162000.0,4.73
STORE_11,PROD_039,0,0,0,0,2,0.0,0.0
STORE_11,PROD_040,2,0,0,2,2,84000.0,2.67
STORE_11,PROD_041,3,0,0,3,2,138000.0,3.9
STORE_11,PROD_042,3,0,0,3,2,150000.0,5.38
STORE_11,PROD_043,0,0,0,0,2,0.0,0.0
STORE_11,PROD_044,1,0,0,1,2,58000.0,4.33
STORE_11,PROD_045,2,0,0,3,2,70000.0,2.67
STORE_11,PROD_046,3,0,0,3,2,120000.0,3.9
STORE_11,PROD_047,2,0,0,2,2,88000.0,3.71
STORE_11,PROD_048,3,0,0,3,2,144000.0,5.57
STORE_11,PROD_049,1,0,0,1,2,52000.0,4.33
STORE_11,PROD_050,2,0,0,3,2,86000.0,3.71
STORE_11,PROD_051,0,0,0,0,2,0.0,0.0
STORE_11,PROD_052,1,0,0,1,2,39000.0,5.2
STORE_11,PROD_053,0,0,0,0,2,0.0,0.0
STORE_11,PROD_054,0,0,0,0,2,0.0,0.0
STORE_11,PROD_055,0,0,0,0,2,0.0,0.0
STORE_11,PROD_056,1,0,0,1,2,102000.0,10.0
STORE_11,PROD_057,0,0,0,0,2,0.0,0.0
STORE_11,PROD_058,0,0,0,0,2,0.0,0.0
STORE_11,PROD_059,0,0,0,0,2,0.0,0.0
STORE_11,PROD_060,1,0,0,1,2,85000.0,10.0
STORE_12,PROD_001,5,0,0,6,3,32500.0,2.34
STORE_12,PROD_002,7,0,0,7,3,59500.0,4.18
STORE_12,PROD_003,4,0,0,4,2,28800.0,7.7
STORE_12,PROD_004,4,0,0,4,2,31200.0,4.95
STORE_12,PROD_005,0,0,0,0,2,0.0,0.0
STORE_12,PROD_006,7,0,0,8,4,43400.0,3.14
STORE_12,PROD_007,4,0,0,6,3,36000.0,1.89
STORE_12,PROD_008,7,0,0,6,3,66500.0,4.18
STORE_12,PROD_009,6,0,0,7,3,66000.0,2.79
STORE_12,PROD_010,5,0,0,7,3,60000.0,3.02
STORE_12,PROD_011,6,0,0,5,2,63000.0,8.67
STORE_12,PROD_012,2,0,0,3,2,22400.0,3.06
STORE_12,PROD_013,6,0,0,8,4,49200.0,2.79
STORE_12,PROD_014,7,0,0,6,3,71400.0,4.18
STORE_12,PROD_015,2,0,0,3,2,19600.0,2.74
STORE_12,PROD_016,10,0,0,8,4,115000.0,5.65
STORE_12,PROD_017,1,0,0,1,2,6800.0,10.0
STORE_12,PROD_018,7,0,0,6,3,51800.0,6.62
STORE_12,PROD_019,2,0,0,2,2,28000.0,6.5
STORE_12,PROD_020,2,0,0,3,2,31000.0,2.08
STORE_12,PROD_021,3,0,0,3,2,54000.0,3.06
STORE_12,PROD_022,3,0,0,4,2,61500.0,3.63
STORE_12,PROD_023,3,0,0,3,2,66000.0,8.67
STORE_12,PROD_024,2,0,0,2,2,49000.0,5.78
STORE_12,PROD_025,3,0,0,4,2,49500.0,3.06
STORE_12,PROD_026,3,0,0,4,2,57000.0,2.89
STORE_12,PROD_027,3,0,0,3,2,78000.0,3.39
STORE_12,PROD_028,2,0,0,3,2,56000.0,2.48
STORE_12,PROD_029,5,0,0,4,2,150000.0,4.73
STORE_12,PROD_030,1,0,0,1,2,25000.0,10.0
STORE_12,PROD_031,4,0,0,4,2,70000.0,4.43
STORE_12,PROD_032,2,0,0,2,2,42000.0,5.47
STORE_12,PROD_033,5,0,0,4,2,115000.0,5.1
STORE_12,PROD_034,3,0,0,3,2,48000.0,9.18
STORE_12,PROD_035,1,0,0,2,2,17200.0,3.06
STORE_12,PROD_036,3,0,0,3,2,43500.0,3.0
STORE_12,PROD_037,2,0,0,3,2,39000.0,2.48
STORE_12,PROD_038,4,0,0,3,2,108000.0,4.0
STORE_12,PROD_039,0,0,0,0,2,0.0,0.0
STORE_12,PROD_040,1,0,0,1,2,42000.0,10.0
STORE_12,PROD_041,1,0,0,1,2,46000.0,10.0
STORE_12,PROD_042,1,0,0,1,2,50000.0,10.0
STORE_12,PROD_043,0,0,0,0,2,0.0,0.0
STORE_12,PROD_044,1,0,0,1,2,58000.0,10.0
STORE_12,PROD_045,1,0,0,1,2,35000.0,10.0
STORE_12,PROD_046,1,0,0,1,2,40000.0,10.0
STORE_12,PROD_047,1,0,0,1,2,44000.0,10.0
STORE_12,PROD_048,1,0,0,1,2,48000.0,10.0
STORE_12,PROD_049,1,0,0,1,2,52000.0,10.0
STORE_12,PROD_050,1,0,0,1,2,43000.0,10.0
STORE_12,PROD_051,0,0,0,0,2,0.0,0.0
STORE_12,PROD_052,1,0,0,1,2,39000.0,10.0
STORE_12,PROD_053,0,0,0,0,2,0.0,0.0
STORE_12,PROD_054,0,0,0,0,2,0.0,0.0
STORE_12,PROD_055,0,0,0,0,2,0.0,0.0
STORE_12,PROD_056,0,0,0,0,2,0.0,0.0
STORE_12,PROD_057,0,0,0,0,2,0.0,0.0
STORE_12,PROD_058,0,0,0,0,2,0.0,0.0
STORE_12,PROD_059,0,0,0,0,2,0.0,0.0
STORE_12,PROD_060,0,0,0,0,2,0.0,0.0
STORE_13,PROD_001,7,0,0,6,3,45500.0,3.87
STORE_13,PROD_002,7,0,0,6,3,59500.0,5.35
STORE_13,PROD_003,3,0,0,3,2,21600.0,7.09
STORE_13,PROD_004,2,0,0,2,2,15600.0,3.35
STORE_13,PROD_005,0,0,0,0,2,0.0,0.0
STORE_13,PROD_006,6,0,0,5,2,37200.0,3.28
STORE_13,PROD_007,6,0,0,6,3,54000.0,3.28
STORE_13,PROD_008,5,0,0,5,2,47500.0,3.56
STORE_13,PROD_009,7,0,0,6,3,77000.0,3.91
STORE_13,PROD_010,5,0,0,5,2,60000.0,3.82
STORE_13,PROD_011,3,0,0,3,2,31500.0,6.5
STORE_13,PROD_012,2,0,0,2,2,22400.0,3.59
STORE_13,PROD_013,5,0,0,6,3,41000.0,2.8
STORE_13,PROD_014,4,0,0,5,2,40800.0,2.97
STORE_13,PROD_015,4,0,0,3,2,39200.0,6.71
STORE_13,PROD_016,6,0,0,5,2,69000.0,4.66
STORE_13,PROD_017,1,0,0,1,2,6800.0,10.0
STORE_13,PROD_018,4,0,0,5,2,29600.0,6.5
STORE_13,PROD_019,2,0,0,2,2,28000.0,8.67
STORE_13,PROD_020,2,0,0,3,2,31000.0,2.21
STORE_13,PROD_021,4,0,0,3,2,72000.0,4.33
STORE_13,PROD_022,3,0,0,3,2,61500.0,4.46
STORE_13,PROD_023,2,0,0,2,2,44000.0,6.93
STORE_13,PROD_024,2,0,0,2,2,49000.0,6.5
STORE_13,PROD_025,3,0,0,3,2,49500.0,3.25
STORE_13,PROD_026,3,0,0,4,2,57000.0,3.18
STORE_13,PROD_027,2,0,0,3,2,52000.0,2.89
STORE_13,PROD_028,3,0,0,3,2,84000.0,4.46
STORE_13,PROD_029,4,0,0,3,2,120000.0,4.33
STORE_13,PROD_030,0,0,0,0,2,0.0,0.0
STORE_13,PROD_031,2,0,0,3,2,35000.0,3.15
STORE_13,PROD_032,1,0,0,2,2,21000.0,3.06
STORE_13,PROD_033,5,0,0,4,2,115000.0,5.42
STORE_13,PROD_034,2,0,0,2,2,32000.0,8.0
STORE_13,PROD_035,1,0,0,1,2,17200.0,3.71
STORE_13,PROD_036,3,0,0,3,2,43500.0,3.25
STORE_13,PROD_037,3,0,0,3,2,58500.0,4.46
STORE_13,PROD_038,3,0,0,3,2,81000.0,3.25
STORE_13,PROD_039,0,0,0,0,2,0.0,0.0
STORE_13,PROD_040,1,0,0,1,2,42000.0,10.0
STORE_13,PROD_041,1,0,0,1,2,46000.0,10.0
STORE_13,PROD_042,1,0,0,1,2,50000.0,10.0
STORE_13,PROD_043,0,0,0,0,2,0.0,0.0
STORE_13,PROD_044,1,0,0,1,2,58000.0,10.0
STORE_13,PROD_045,1,0,0,1,2,35000.0,10.0
STORE_13,PROD_046,1,0,0,1,2,40000.0,10.0
STORE_13,PROD_047,1,0,0,1,2,44000.0,10.0
STORE_13,PROD_048,1,0,0,1,2,48000.0,10.0
STORE_13,PROD_049,1,0,0,1,2,52000.0,10.0
STORE_13,PROD_050,1,0,0,1,2,43000.0,10.0
STORE_13,PROD_051,0,0,0,0,2,0.0,0.0
STORE_13,PROD_052,1,0,0,1,2,39000.0,10.0
STORE_13,PROD_053,0,0,0,0,2,0.0,0.0
STORE_13,PROD_054,0,0,0,0,2,0.0,0.0
STORE_13,PROD_055,0,0,0,0,2,0.0,0.0
STORE_13,PROD_056,0,0,0,0,2,0.0,0.0
STORE_13,PROD_057,0,0,0,0,2,0.0,0.0
STORE_13,PROD_058,0,0,0,0,2,0.0,0.0
STORE_13,PROD_059,0,0,0,0,2,0.0,0.0
STORE_13,PROD_060,0,0,0,0,2,0.0,0.0
STORE_14,PROD_001,8,0,0,7,3,52000.0,4.33
STORE_14,PROD_002,4,0,0,4,2,34000.0,3.15
STORE_14,PROD_003,2,0,0,2,2,14400.0,4.73
STORE_14,PROD_004,2,0,0,2,2,15600.0,3.47
STORE_14,PROD_005,0,0,0,0,2,0.0,0.0
STORE_14,PROD_006,5,0,0,5,2,31000.0,2.8
STORE_14,PROD_007,5,0,0,5,2,45000.0,2.77
STORE_14,PROD_008,5,0,0,5,2,47500.0,3.94
STORE_14,PROD_009,6,0,0,5,2,66000.0,3.32
STORE_14,PROD_010,7,0,0,6,3,84000.0,5.2
STORE_14,PROD_011,3,0,0,3,2,31500.0,6.0
STORE_14,PROD_012,3,0,0,3,2,33600.0,5.2
STORE_14,PROD_013,5,0,0,7,3,41000.0,2.74
STORE_14,PROD_014,6,0,0,6,3,61200.0,4.66
STORE_14,PROD_015,3,0,0,3,2,29400.0,4.88
STORE_14,PROD_016,4,0,0,5,2,46000.0,3.15
STORE_14,PROD_017,1,0,0,1,2,6800.0,10.0
STORE_14,PROD_018,4,0,0,5,2,29600.0,6.5
STORE_14,PROD_019,2,0,0,2,2,28000.0,10.4
STORE_14,PROD_020,2,0,0,3,2,31000.0,2.21
STORE_14,PROD_021,2,0,0,3,2,36000.0,2.26
STORE_14,PROD_022,3,0,0,3,2,61500.0,4.73
STORE_14,PROD_023,1,0,0,1,2,22000.0,5.78
STORE_14,PROD_024,2,0,0,2,2,49000.0,6.93
STORE_14,PROD_025,3,0,0,3,2,49500.0,3.39
STORE_14,PROD_026,2,0,0,3,2,38000.0,2.31
STORE_14,PROD_027,3,0,0,3,2,78000.0,4.59
STORE_14,PROD_028,2,0,0,2,2,56000.0,3.15
STORE_14,PROD_029,3,0,0,3,2,90000.0,3.39
STORE_14,PROD_030,0,0,0,0,2,0.0,0.0
STORE_14,PROD_031,3,0,0,3,2,52500.0,4.88
STORE_14,PROD_032,1,0,0,2,2,21000.0,3.06
STORE_14,PROD_033,3,0,0,3,2,69000.0,3.32
STORE_14,PROD_034,1,0,0,1,2,16000.0,6.5
STORE_14,PROD_035,2,0,0,2,2,34400.0,7.43
STORE_14,PROD_036,4,0,0,3,2,58000.0,4.43
STORE_14,PROD_037,3,0,0,3,2,58500.0,4.73
STORE_14,PROD_038,3,0,0,3,2,81000.0,3.25
STORE_14,PROD_039,0,0,0,0,2,0.0,0.0
STORE_14,PROD_040,1,0,0,1,2,42000.0,10.0
STORE_14,PROD_041,1,0,0,1,2,46000.0,10.0
STORE_14,PROD_042,1,0,0,1,2,50000.0,10.0
STORE_14,PROD_043,0,0,0,0,2,0.0,0.0
STORE_14,PROD_044,1,0,0,1,2,58000.0,10.0
STORE_14,PROD_045,1,0,0,1,2,35000.0,10.0
STORE_14,PROD_046,1,0,0,1,2,40000.0,10.0
STORE_14,PROD_047,1,0,0,1,2,44000.0,10.0
STORE_14,PROD_048,1,0,0,1,2,48000.0,10.0
STORE_14,PROD_049,1,0,0,1,2,52000.0,10.0
STORE_14,PROD_050,1,0,0,1,2,43000.0,10.0
STORE_14,PROD_051,0,0,0,0,2,0.0,0.0
STORE_14,PROD_052,0,0,0,0,2,0.0,0.0
STORE_14,PROD_053,0,0,0,0,2,0.0,0.0
STORE_14,PROD_054,0,0,0,0,2,0.0,0.0
STORE_14,PROD_055,0,0,0,0,2,0.0,0.0
STORE_14,PROD_056,0,0,0,0,2,0.0,0.0
STORE_14,PROD_057,0,0,0,0,2,0.0,0.0
STORE_14,PROD_058,0,0,0,0,2,0.0,0.0
STORE_14,PROD_059,0,0,0,0,2,0.0,0.0
STORE_14,PROD_060,0,0,0,0,2,0.0,0.0
STORE_15,PROD_001,5,0,0,5,2,32500.0,3.25
STORE_15,PROD_002,5,0,0,6,3,42500.0,3.94
STORE_15,PROD_003,2,0,0,3,2,14400.0,4.95
STORE_15,PROD_004,1,0,0,2,2,7800.0,1.86
STORE_15,PROD_005,0,0,0,0,2,0.0,0.0
STORE_15,PROD_006,5,0,0,6,3,31000.0,3.17
STORE_15,PROD_007,6,0,0,6,3,54000.0,3.8
STORE_15,PROD_008,5,0,0,6,3,47500.0,4.13
STORE_15,PROD_009,4,0,0,5,2,44000.0,2.39
STORE_15,PROD_010,5,0,0,5,2,60000.0,4.06
STORE_15,PROD_011,4,0,0,3,2,42000.0,9.04
STORE_15,PROD_012,2,0,0,2,2,22400.0,4.52
STORE_15,PROD_013,4,0,0,5,2,32800.0,2.57
STORE_15,PROD_014,6,0,0,6,3,61200.0,4.95
STORE_15,PROD_015,3,0,0,3,2,29400.0,5.57
STORE_15,PROD_016,4,0,0,5,2,46000.0,3.35
STORE_15,PROD_017,1,0,0,1,2,6800.0,10.0
STORE_15,PROD_018,4,0,0,3,2,29600.0,9.04
STORE_15,PROD_019,1,0,0,1,2,14000.0,10.0
STORE_15,PROD_020,2,0,0,3,2,31000.0,2.31
STORE_15,PROD_021,2,0,0,3,2,36000.0,2.26
STORE_15,PROD_022,2,0,0,3,2,41000.0,3.25
STORE_15,PROD_023,1,0,0,1,2,22000.0,10.0
STORE_15,PROD_024,1,0,0,1,2,24500.0,4.0
STORE_15,PROD_025,4,0,0,3,2,66000.0,4.62
STORE_15,PROD_026,3,0,0,3,2,57000.0,3.39
STORE_15,PROD_027,2,0,0,3,2,52000.0,3.47
STORE_15,PROD_028,2,0,0,2,2,56000.0,3.25
STORE_15,PROD_029,3,0,0,4,2,90000.0,3.39
STORE_15,PROD_030,0,0,0,0,2,0.0,0.0
STORE_15,PROD_031,3,0,0,3,2,52500.0,4.88
STORE_15,PROD_032,1,0,0,1,2,21000.0,4.0
STORE_15,PROD_033,3,0,0,3,2,69000.0,3.55
STORE_15,PROD_034,1,0,0,1,2,16000.0,10.0
STORE_15,PROD_035,1,0,0,1,2,17200.0,4.33
STORE_15,PROD_036,2,0,0,3,2,29000.0,2.31
STORE_15,PROD_037,3,0,0,3,2,58500.0,5.03
STORE_15,PROD_038,5,0,0,4,2,135000.0,5.65
STORE_15,PROD_039,0,0,0,0,2,0.0,0.0
STORE_15,PROD_040,0,0,0,0,2,0.0,0.0
STORE_15,PROD_041,0,0,0,0,2,0.0,0.0
STORE_15,PROD_042,0,0,0,0,2,0.0,0.0
STORE_15,PROD_043,0,0,0,0,2,0.0,0.0
STORE_15,PROD_044,1,0,0,1,2,58000.0,10.0
STORE_15,PROD_045,0,0,0,0,2,0.0,0.0
STORE_15,PROD_046,0,0,0,0,2,0.0,0.0
STORE_15,PROD_047,0,0,0,0,2,0.0,0.0
STORE_15,PROD_048,0,0,0,0,2,0.0,0.0
STORE_15,PROD_049,0,0,0,0,2,0.0,0.0
STORE_15,PROD_050,0,0,0,0,2,0.0,0.0
STORE_15,PROD_051,0,0,0,0,2,0.0,0.0
STORE_15,PROD_052,0,0,0,0,2,0.0,0.0
STORE_15,PROD_053,0,0,0,0,2,0.0,0.0
STORE_15,PROD_054,0,0,0,0,2,0.0,0.0
STORE_15,PROD_055,0,0,0,0,2,0.0,0.0
STORE_15,PROD_056,0,0,0,0,2,0.0,0.0
STORE_15,PROD_057,0,0,0,0,2,0.0,0.0
STORE_15,PROD_058,0,0,0,0,2,0.0,0.0
STORE_15,PROD_059,0,0,0,0,2,0.0,0.0
STORE_15,PROD_060,0,0,0,0,2,0.0,0.0
STORE_16,PROD_001,4,0,0,5,2,26000.0,2.81
STORE_16,PROD_002,4,0,0,5,2,34000.0,3.59
STORE_16,PROD_003,2,0,0,2,2,14400.0,5.47
STORE_16,PROD_004,2,0,0,2,2,15600.0,4.16
STORE_16,PROD_005,0,0,0,0,2,0.0,0.0
STORE_16,PROD_006,5,0,0,4,2,31000.0,4.0
STORE_16,PROD_007,3,0,0,4,2,27000.0,2.33
STORE_16,PROD_008,4,0,0,4,2,38000.0,4.0
STORE_16,PROD_009,5,0,0,4,2,55000.0,3.94
STORE_16,PROD_010,3,0,0,4,2,36000.0,2.74
STORE_16,PROD_011,2,0,0,2,2,21000.0,5.47
STORE_16,PROD_012,2,0,0,2,2,22400.0,5.2
STORE_16,PROD_013,5,0,0,4,2,41000.0,3.82
STORE_16,PROD_014,5,0,0,5,2,51000.0,4.91
STORE_16,PROD_015,2,0,0,2,2,19600.0,4.52
STORE_16,PROD_016,4,0,0,5,2,46000.0,3.35
STORE_16,PROD_017,1,0,0,1,2,6800.0,10.0
STORE_16,PROD_018,2,0,0,3,2,14800.0,4.52
STORE_16,PROD_019,1,0,0,1,2,14000.0,10.0
STORE_16,PROD_020,3,0,0,3,2,46500.0,3.55
STORE_16,PROD_021,2,0,0,3,2,36000.0,2.48
STORE_16,PROD_022,4,0,0,3,2,82000.0,6.93
STORE_16,PROD_023,1,0,0,1,2,22000.0,10.0
STORE_16,PROD_024,1,0,0,1,2,24500.0,4.0
STORE_16,PROD_025,3,0,0,3,2,49500.0,4.0
STORE_16,PROD_026,2,0,0,3,2,38000.0,2.31
STORE_16,PROD_027,2,0,0,3,2,52000.0,3.47
STORE_16,PROD_028,2,0,0,2,2,56000.0,3.35
STORE_16,PROD_029,3,0,0,3,2,90000.0,3.55
STORE_16,PROD_030,0,0,0,0,2,0.0,0.0
STORE_16,PROD_031,2,0,0,3,2,35000.0,3.35
STORE_16,PROD_032,1,0,0,1,2,21000.0,4.0
STORE_16,PROD_033,2,0,0,3,2,46000.0,2.36
STORE_16,PROD_034,0,0,0,0,2,0.0,0.0
STORE_16,PROD_035,1,0,0,1,2,17200.0,4.33
STORE_16,PROD_036,2,0,0,3,2,29000.0,2.42
STORE_16,PROD_037,3,0,0,3,2,58500.0,5.03
STORE_16,PROD_038,3,0,0,3,2,81000.0,3.71
STORE_16,PROD_039,0,0,0,0,2,0.0,0.0
STORE_16,PROD_040,0,0,0,0,2,0.0,0.0
STORE_16,PROD_041,0,0,0,0,2,0.0,0.0
STORE_16,PROD_042,0,0,0,0,2,0.0,0.0
STORE_16,PROD_043,0,0,0,0,2,0.0,0.0
STORE_16,PROD_044,1,0,0,1,2,58000.0,10.0
STORE_16,PROD_045,0,0,0,0,2,0.0,0.0
STORE_16,PROD_046,0,0,0,0,2,0.0,0.0
STORE_16,PROD_047,0,0,0,0,2,0.0,0.0
STORE_16,PROD_048,0,0,0,0,2,0.0,0.0
STORE_16,PROD_049,1,0,0,1,2,52000.0,10.0
STORE_16,PROD_050,0,0,0,0,2,0.0,0.0
STORE_16,PROD_051,0,0,0,0,2,0.0,0.0
STORE_16,PROD_052,0,0,0,0,2,0.0,0.0
STORE_16,PROD_053,0,0,0,0,2,0.0,0.0
STORE_16,PROD_054,0,0,0,0,2,0.0,0.0
STORE_16,PROD_055,0,0,0,0,2,0.0,0.0
STORE_16,PROD_056,0,0,0,0,2,0.0,0.0
STORE_16,PROD_057,0,0,0,0,2,0.0,0.0
STORE_16,PROD_058,0,0,0,0,2,0.0,0.0
STORE_16,PROD_059,0,0,0,0,2,0.0,0.0
STORE_16,PROD_060,0,0,0,0,2,0.0,0.0
STORE_17,PROD_001,3,0,0,3,2,19500.0,3.32
STORE_17,PROD_002,3,0,0,3,2,25500.0,4.46
STORE_17,PROD_003,2,0,0,2,2,14400.0,7.43
STORE_17,PROD_004,1,0,0,2,2,7800.0,3.06
STORE_17,PROD_005,0,0,0,0,2,0.0,0.0
STORE_17,PROD_006,4,0,0,4,2,24800.0,4.16
STORE_17,PROD_007,3,0,0,4,2,27000.0,3.18
STORE_17,PROD_008,2,0,0,3,2,19000.0,2.74
STORE_17,PROD_009,3,0,0,3,2,33000.0,3.18
STORE_17,PROD_010,3,0,0,3,2,36000.0,4.22
STORE_17,PROD_011,2,0,0,2,2,21000.0,6.93
STORE_17,PROD_012,1,0,0,1,2,11200.0,3.47
STORE_17,PROD_013,3,0,0,4,2,24600.0,3.12
STORE_17,PROD_014,3,0,0,3,2,30600.0,4.22
STORE_17,PROD_015,1,0,0,1,2,9800.0,3.47
STORE_17,PROD_016,5,0,0,4,2,57500.0,7.03
STORE_17,PROD_017,0,0,0,0,2,0.0,0.0
STORE_17,PROD_018,2,0,0,2,2,14800.0,5.78
STORE_17,PROD_019,0,0,0,0,2,0.0,0.0
STORE_17,PROD_020,1,0,0,1,2,15500.0,6.5
STORE_17,PROD_021,1,0,0,1,2,18000.0,10.0
STORE_17,PROD_022,1,0,0,1,2,20500.0,4.0
STORE_17,PROD_023,0,0,0,0,2,0.0,0.0
STORE_17,PROD_024,1,0,0,1,2,24500.0,8.67
STORE_17,PROD_025,1,0,0,1,2,16500.0,10.0
STORE_17,PROD_026,1,0,0,1,2,19000.0,10.0
STORE_17,PROD_027,1,0,0,1,2,26000.0,7.43
STORE_17,PROD_028,2,0,0,2,2,56000.0,6.5
STORE_17,PROD_029,1,0,0,1,2,30000.0,8.67
STORE_17,PROD_030,0,0,0,0,2,0.0,0.0
STORE_17,PROD_031,1,0,0,1,2,17500.0,6.5
STORE_17,PROD_032,1,0,0,1,2,21000.0,8.67
STORE_17,PROD_033,1,0,0,1,2,23000.0,7.43
STORE_17,PROD_034,0,0,0,0,2,0.0,0.0
STORE_17,PROD_035,1,0,0,1,2,17200.0,10.0
STORE_17,PROD_036,1,0,0,1,2,14500.0,7.43
STORE_17,PROD_037,1,0,0,1,2,19500.0,5.2
STORE_17,PROD_038,1,0,0,1,2,27000.0,8.67
STORE_17,PROD_039,0,0,0,0,2,0.0,0.0
STORE_17,PROD_040,0,0,0,0,2,0.0,0.0
STORE_17,PROD_041,0,0,0,0,2,0.0,0.0
STORE_17,PROD_042,0,0,0,0,2,0.0,0.0
STORE_17,PROD_043,0,0,0,0,2,0.0,0.0
STORE_17,PROD_044,0,0,0,0,2,0.0,0.0
STORE_17,PROD_045,0,0,0,0,2,0.0,0.0
STORE_17,PROD_046,0,0,0,0,2,0.0,0.0
STORE_17,PROD_047,0,0,0,0,2,0.0,0.0
STORE_17,PROD_048,0,0,0,0,2,0.0,0.0
STORE_17,PROD_049,0,0,0,0,2,0.0,0.0
STORE_17,PROD_050,0,0,0,0,2,0.0,0.0
STORE_17,PROD_051,0,0,0,0,2,0.0,0.0
STORE_17,PROD_052,0,0,0,0,2,0.0,0.0
STORE_17,PROD_053,0,0,0,0,2,0.0,0.0
STORE_17,PROD_054,0,0,0,0,2,0.0,0.0
STORE_17,PROD_055,0,0,0,0,2,0.0,0.0
STORE_17,PROD_056,0,0,0,0,2,0.0,0.0
STORE_17,PROD_057,0,0,0,0,2,0.0,0.0
STORE_17,PROD_058,0,0,0,0,2,0.0,0.0
STORE_17,PROD_059,0,0,0,0,2,0.0,0.0
STORE_17,PROD_060,0,0,0,0,2,0.0,0.0
STORE_18,PROD_001,5,0,0,6,3,32500.0,3.42
STORE_18,PROD_002,3,0,0,4,2,25500.0,2.56
STORE_18,PROD_003,3,0,0,3,2,21600.0,8.67
STORE_18,PROD_004,2,0,0,2,2,15600.0,4.16
STORE_18,PROD_005,0,0,0,0,2,0.0,0.0
STORE_18,PROD_006,3,0,0,4,2,18600.0,1.95
STORE_18,PROD_007,4,0,0,5,2,36000.0,2.6
STORE_18,PROD_008,5,0,0,5,2,47500.0,4.41
STORE_18,PROD_009,5,0,0,5,2,55000.0,3.51
STORE_18,PROD_010,5,0,0,5,2,60000.0,4.26
STORE_18,PROD_011,3,0,0,3,2,31500.0,7.8
STORE_18,PROD_012,2,0,0,2,2,22400.0,4.95
STORE_18,PROD_013,5,0,0,5,2,41000.0,3.42
STORE_18,PROD_014,4,0,0,5,2,40800.0,3.65
STORE_18,PROD_015,2,0,0,2,2,19600.0,4.52
STORE_18,PROD_016,4,0,0,4,2,46000.0,3.47
STORE_18,PROD_017,1,0,0,1,2,6800.0,10.0
STORE_18,PROD_018,2,0,0,3,2,14800.0,4.33
STORE_18,PROD_019,0,0,0,0,2,0.0,0.0
STORE_18,PROD_020,4,0,0,3,2,62000.0,4.84
STORE_18,PROD_021,2,0,0,3,2,36000.0,2.54
STORE_18,PROD_022,3,0,0,3,2,61500.0,5.2
STORE_18,PROD_023,0,0,0,0,2,0.0,0.0
STORE_18,PROD_024,1,0,0,1,2,24500.0,4.33
STORE_18,PROD_025,2,0,0,3,2,33000.0,2.36
STORE_18,PROD_026,3,0,0,3,2,57000.0,3.55
STORE_18,PROD_027,4,0,0,3,2,104000.0,7.17
STORE_18,PROD_028,2,0,0,2,2,56000.0,3.47
STORE_18,PROD_029,3,0,0,3,2,90000.0,3.55
STORE_18,PROD_030,0,0,0,0,2,0.0,0.0
STORE_18,PROD_031,4,0,0,3,2,70000.0,6.93
STORE_18,PROD_032,1,0,0,1,2,21000.0,4.0
STORE_18,PROD_033,3,0,0,3,2,69000.0,3.63
STORE_18,PROD_034,0,0,0,0,2,0.0,0.0
STORE_18,PROD_035,1,0,0,1,2,17200.0,4.73
STORE_18,PROD_036,3,0,0,3,2,43500.0,3.55
STORE_18,PROD_037,2,0,0,2,2,39000.0,3.85
STORE_18,PROD_038,3,0,0,3,2,81000.0,3.55
STORE_18,PROD_039,0,0,0,0,2,0.0,0.0
STORE_18,PROD_040,0,0,0,0,2,0.0,0.0
STORE_18,PROD_041,0,0,0,0,2,0.0,0.0
STORE_18,PROD_042,0,0,0,0,2,0.0,0.0
STORE_18,PROD_043,0,0,0,0,2,0.0,0.0
STORE_18,PROD_044,0,0,0,0,2,0.0,0.0
STORE_18,PROD_045,0,0,0,0,2,0.0,0.0
STORE_18,PROD_046,0,0,0,0,2,0.0,0.0
STORE_18,PROD_047,0,0,0,0,2,0.0,0.0
STORE_18,PROD_048,0,0,0,0,2,0.0,0.0
STORE_18,PROD_049,0,0,0,0,2,0.0,0.0
STORE_18,PROD_050,0,0,0,0,2,0.0,0.0
STORE_18,PROD_051,0,0,0,0,2,0.0,0.0
STORE_18,PROD_052,0,0,0,0,2,0.0,0.0
STORE_18,PROD_053,0,0,0,0,2,0.0,0.0
STORE_18,PROD_054,0,0,0,0,2,0.0,0.0
STORE_18,PROD_055,0,0,0,0,2,0.0,0.0
STORE_18,PROD_056,0,0,0,0,2,0.0,0.0
STORE_18,PROD_057,0,0,0,0,2,0.0,0.0
STORE_18,PROD_058,0,0,0,0,2,0.0,0.0
STORE_18,PROD_059,0,0,0,0,2,0.0,0.0
STORE_18,PROD_060,0,0,0,0,2,0.0,0.0
STORE_19,PROD_001,4,0,0,4,2,26000.0,2.57
STORE_19,PROD_002,5,0,0,6,3,42500.0,4.19
STORE_19,PROD_003,3,0,0,3,2,21600.0,7.8
STORE_19,PROD_004,2,0,0,3,2,15600.0,3.25
STORE_19,PROD_005,0,0,0,0,2,0.0,0.0
STORE_19,PROD_006,6,0,0,6,3,37200.0,3.63
STORE_19,PROD_007,5,0,0,5,2,45000.0,3.1
STORE_19,PROD_008,6,0,0,5,2,57000.0,4.66
STORE_19,PROD_009,5,0,0,5,2,55000.0,2.89
STORE_19,PROD_010,4,0,0,6,3,48000.0,3.15
STORE_19,PROD_011,3,0,0,3,2,31500.0,7.43
STORE_19,PROD_012,2,0,0,2,2,22400.0,4.16
STORE_19,PROD_013,4,0,0,6,3,32800.0,2.36
STORE_19,PROD_014,5,0,0,5,2,51000.0,4.19
STORE_19,PROD_015,2,0,0,2,2,19600.0,3.35
STORE_19,PROD_016,5,0,0,6,3,57500.0,3.94
STORE_19,PROD_017,1,0,0,1,2,6800.0,10.0
STORE_19,PROD_018,3,0,0,4,2,22200.0,6.0
STORE_19,PROD_019,1,0,0,1,2,14000.0,5.78
STORE_19,PROD_020,2,0,0,3,2,31000.0,2.21
STORE_19,PROD_021,3,0,0,3,2,54000.0,3.39
STORE_19,PROD_022,3,0,0,3,2,61500.0,4.88
STORE_19,PROD_023,1,0,0,1,2,22000.0,10.0
STORE_19,PROD_024,2,0,0,2,2,49000.0,7.43
STORE_19,PROD_025,4,0,0,3,2,66000.0,4.43
STORE_19,PROD_026,3,0,0,3,2,57000.0,3.32
STORE_19,PROD_027,3,0,0,3,2,78000.0,4.88
STORE_19,PROD_028,3,0,0,3,2,84000.0,4.73
STORE_19,PROD_029,3,0,0,3,2,90000.0,3.47
STORE_19,PROD_030,0,0,0,0,2,0.0,0.0
STORE_19,PROD_031,4,0,0,3,2,70000.0,6.5
STORE_19,PROD_032,2,0,0,2,2,42000.0,7.43
STORE_19,PROD_033,3,0,0,3,2,69000.0,3.32
STORE_19,PROD_034,2,0,0,2,2,32000.0,10.4
STORE_19,PROD_035,1,0,0,1,2,17200.0,4.33
STORE_19,PROD_036,2,0,0,3,2,29000.0,2.31
STORE_19,PROD_037,2,0,0,3,2,39000.0,3.25
STORE_19,PROD_038,3,0,0,3,2,81000.0,3.39
STORE_19,PROD_039,0,0,0,0,2,0.0,0.0
STORE_19,PROD_040,1,0,0,1,2,42000.0,10.0
STORE_19,PROD_041,0,0,0,0,2,0.0,0.0
STORE_19,PROD_042,1,0,0,1,2,50000.0,10.0
STORE_19,PROD_043,0,0,0,0,2,0.0,0.0
STORE_19,PROD_044,1,0,0,1,2,58000.0,10.0
STORE_19,PROD_045,1,0,0,1,2,35000.0,10.0
STORE_19,PROD_046,0,0,0,0,2,0.0,0.0
STORE_19,PROD_047,1,0,0,1,2,44000.0,10.0
STORE_19,PROD_048,1,0,0,1,2,48000.0,10.0
STORE_19,PROD_049,1,0,0,1,2,52000.0,10.0
STORE_19,PROD_050,1,0,0,1,2,43000.0,10.0
STORE_19,PROD_051,0,0,0,0,2,0.0,0.0
STORE_19,PROD_052,0,0,0,0,2,0.0,0.0
STORE_19,PROD_053,0,0,0,0,2,0.0,0.0
STORE_19,PROD_054,0,0,0,0,2,0.0,0.0
STORE_19,PROD_055,0,0,0,0,2,0.0,0.0
STORE_19,PROD_056,0,0,0,0,2,0.0,0.0
STORE_19,PROD_057,0,0,0,0,2,0.0,0.0
STORE_19,PROD_058,0,0,0,0,2,0.0,0.0
STORE_19,PROD_059,0,0,0,0,2,0.0,0.0
STORE_19,PROD_060,0,0,0,0,2,0.0,0.0
STORE_20,PROD_001,3,0,0,3,2,19500.0,2.89
STORE_20,PROD_002,4,0,0,4,2,34000.0,4.24
STORE_20,PROD_003,2,0,0,2,2,14400.0,5.78
STORE_20,PROD_004,2,0,0,2,2,15600.0,4.73
STORE_20,PROD_005,0,0,0,0,2,0.0,0.0
STORE_20,PROD_006,4,0,0,4,2,24800.0,3.78
STORE_20,PROD_007,3,0,0,4,2,27000.0,2.94
STORE_20,PROD_008,3,0,0,3,2,28500.0,3.55
STORE_20,PROD_009,3,0,0,3,2,33000.0,2.89
STORE_20,PROD_010,3,0,0,3,2,36000.0,3.18
STORE_20,PROD_011,2,0,0,2,2,21000.0,6.12
STORE_20,PROD_012,2,0,0,2,2,22400.0,4.95
STORE_20,PROD_013,3,0,0,4,2,24600.0,2.94
STORE_20,PROD_014,4,0,0,4,2,40800.0,4.62
STORE_20,PROD_015,2,0,0,2,2,19600.0,5.2
STORE_20,PROD_016,3,0,0,3,2,34500.0,3.39
STORE_20,PROD_017,0,0,0,0,2,0.0,0.0
STORE_20,PROD_018,2,0,0,2,2,14800.0,5.2
STORE_20,PROD_019,0,0,0,0,2,0.0,0.0
STORE_20,PROD_020,1,0,0,1,2,15500.0,10.0
STORE_20,PROD_021,1,0,0,1,2,18000.0,7.43
STORE_20,PROD_022,1,0,0,1,2,20500.0,5.78
STORE_20,PROD_023,0,0,0,0,2,0.0,0.0
STORE_20,PROD_024,1,0,0,1,2,24500.0,8.67
STORE_20,PROD_025,1,0,0,1,2,16500.0,8.67
STORE_20,PROD_026,1,0,0,1,2,19000.0,8.67
STORE_20,PROD_027,1,0,0,1,2,26000.0,4.0
STORE_20,PROD_028,1,0,0,1,2,28000.0,4.33
STORE_20,PROD_029,1,0,0,1,2,30000.0,6.5
STORE_20,PROD_030,0,0,0,0,2,0.0,0.0
STORE_20,PROD_031,1,0,0,1,2,17500.0,5.78
STORE_20,PROD_032,1,0,0,1,2,21000.0,10.0
STORE_20,PROD_033,1,0,0,1,2,23000.0,10.0
STORE_20,PROD_034,0,0,0,0,2,0.0,0.0
STORE_20,PROD_035,1,0,0,1,2,17200.0,10.0
STORE_20,PROD_036,1,0,0,1,2,14500.0,8.67
STORE_20,PROD_037,1,0,0,1,2,19500.0,4.73
STORE_20,PROD_038,1,0,0,1,2,27000.0,6.5
STORE_20,PROD_039,0,0,0,0,2,0.0,0.0
STORE_20,PROD_040,0,0,0,0,2,0.0,0.0
STORE_20,PROD_041,0,0,0,0,2,0.0,0.0
STORE_20,PROD_042,0,0,0,0,2,0.0,0.0
STORE_20,PROD_043,0,0,0,0,2,0.0,0.0
STORE_20,PROD_044,0,0,0,0,2,0.0,0.0
STORE_20,PROD_045,0,0,0,0,2,0.0,0.0
STORE_20,PROD_046,0,0,0,0,2,0.0,0.0
STORE_20,PROD_047,0,0,0,0,2,0.0,0.0
STORE_20,PROD_048,0,0,0,0,2,0.0,0.0
STORE_20,PROD_049,0,0,0,0,2,0.0,0.0
STORE_20,PROD_050,0,0,0,0,2,0.0,0.0
STORE_20,PROD_051,0,0,0,0,2,0.0,0.0
STORE_20,PROD_052,0,0,0,0,2,0.0,0.0
STORE_20,PROD_053,0,0,0,0,2,0.0,0.0
STORE_20,PROD_054,0,0,0,0,2,0.0,0.0
STORE_20,PROD_055,0,0,0,0,2,0.0,0.0
STORE_20,PROD_056,0,0,0,0,2,0.0,0.0
STORE_20,PROD_057,0,0,0,0,2,0.0,0.0
STORE_20,PROD_058,0,0,0,0,2,0.0,0.0
STORE_20,PROD_059,0,0,0,0,2,0.0,0.0
STORE_20,PROD_060,0,0,0,0,2,0.0,0.0
STORE_21,PROD_001,9,0,0,7,3,58500.0,5.03
STORE_21,PROD_002,6,0,0,5,2,51000.0,4.46
STORE_21,PROD_003,3,0,0,3,2,21600.0,7.09
STORE_21,PROD_004,3,0,0,3,2,23400.0,4.46
STORE_21,PROD_005,0,0,0,0,2,0.0,0.0
STORE_21,PROD_006,7,0,0,7,3,43400.0,3.64
STORE_21,PROD_007,5,0,0,5,2,45000.0,2.74
STORE_21,PROD_008,5,0,0,6,3,47500.0,3.51
STORE_21,PROD_009,7,0,0,6,3,77000.0,3.79
STORE_21,PROD_010,5,0,0,6,3,60000.0,3.51
STORE_21,PROD_011,2,0,0,3,2,21000.0,3.59
STORE_21,PROD_012,2,0,0,2,2,22400.0,3.47
STORE_21,PROD_013,5,0,0,5,2,41000.0,2.68
STORE_21,PROD_014,6,0,0,6,3,61200.0,4.39
STORE_21,PROD_015,3,0,0,3,2,29400.0,4.59
STORE_21,PROD_016,6,0,0,7,3,69000.0,4.46
STORE_21,PROD_017,1,0,0,1,2,6800.0,10.0
STORE_21,PROD_018,5,0,0,4,2,37000.0,7.22
STORE_21,PROD_019,2,0,0,2,2,28000.0,6.93
STORE_21,PROD_020,4,0,0,3,2,62000.0,4.24
STORE_21,PROD_021,2,0,0,3,2,36000.0,2.17
STORE_21,PROD_022,3,0,0,3,2,61500.0,4.0
STORE_21,PROD_023,2,0,0,2,2,44000.0,6.5
STORE_21,PROD_024,2,0,0,2,2,49000.0,5.47
STORE_21,PROD_025,4,0,0,4,2,66000.0,4.16
STORE_21,PROD_026,3,0,0,3,2,57000.0,3.18
STORE_21,PROD_027,2,0,0,3,2,52000.0,2.74
STORE_21,PROD_028,2,0,0,3,2,56000.0,2.89
STORE_21,PROD_029,3,0,0,3,2,90000.0,3.25
STORE_21,PROD_030,0,0,0,0,2,0.0,0.0
STORE_21,PROD_031,3,0,0,3,2,52500.0,4.59
STORE_21,PROD_032,2,0,0,2,2,42000.0,6.5
STORE_21,PROD_033,4,0,0,4,2,92000.0,4.33
STORE_21,PROD_034,2,0,0,2,2,32000.0,6.93
STORE_21,PROD_035,1,0,0,1,2,17200.0,3.25
STORE_21,PROD_036,3,0,0,3,2,43500.0,3.06
STORE_21,PROD_037,3,0,0,3,2,58500.0,4.22
STORE_21,PROD_038,5,0,0,4,2,135000.0,5.42
STORE_21,PROD_039,0,0,0,0,2,0.0,0.0
STORE_21,PROD_040,1,0,0,1,2,42000.0,10.0
STORE_21,PROD_041,1,0,0,1,2,46000.0,10.0
STORE_21,PROD_042,1,0,0,1,2,50000.0,10.0
STORE_21,PROD_043,0,0,0,0,2,0.0,0.0
STORE_21,PROD_044,1,0,0,1,2,58000.0,10.0
STORE_21,PROD_045,1,0,0,1,2,35000.0,10.0
STORE_21,PROD_046,1,0,0,1,2,40000.0,10.0
STORE_21,PROD_047,1,0,0,1,2,44000.0,10.0
STORE_21,PROD_048,1,0,0,1,2,48000.0,10.0
STORE_21,PROD_049,1,0,0,1,2,52000.0,10.0
STORE_21,PROD_050,1,0,0,1,2,43000.0,10.0
STORE_21,PROD_051,0,0,0,0,2,0.0,0.0
STORE_21,PROD_052,1,0,0,1,2,39000.0,10.0
STORE_21,PROD_053,0,0,0,0,2,0.0,0.0
STORE_21,PROD_054,0,0,0,0,2,0.0,0.0
STORE_21,PROD_055,0,0,0,0,2,0.0,0.0
STORE_21,PROD_056,0,0,0,0,2,0.0,0.0
STORE_21,PROD_057,0,0,0,0,2,0.0,0.0
STORE_21,PROD_058,0,0,0,0,2,0.0,0.0
STORE_21,PROD_059,0,0,0,0,2,0.0,0.0
STORE_21,PROD_060,0,0,0,0,2,0.0,0.0
STORE_22,PROD_001,5,0,0,5,2,32500.0,3.1
STORE_22,PROD_002,4,0,0,4,2,34000.0,3.25
STORE_22,PROD_003,2,0,0,3,2,14400.0,4.73
STORE_22,PROD_004,3,0,0,3,2,23400.0,5.57
STORE_22,PROD_005,0,0,0,0,2,0.0,0.0
STORE_22,PROD_006,6,0,0,6,3,37200.0,3.8
STORE_22,PROD_007,6,0,0,5,2,54000.0,3.67
STORE_22,PROD_008,5,0,0,5,2,47500.0,4.0
STORE_22,PROD_009,7,0,0,6,3,77000.0,4.18
STORE_22,PROD_010,5,0,0,5,2,60000.0,4.13
STORE_22,PROD_011,3,0,0,3,2,31500.0,7.09
STORE_22,PROD_012,2,0,0,3,2,22400.0,4.0
STORE_22,PROD_013,5,0,0,6,3,41000.0,3.06
STORE_22,PROD_014,5,0,0,5,2,51000.0,3.94
STORE_22,PROD_015,2,0,0,3,2,19600.0,3.59
STORE_22,PROD_016,3,0,0,4,2,34500.0,2.36
STORE_22,PROD_017,1,0,0,1,2,6800.0,10.0
STORE_22,PROD_018,5,0,0,4,2,37000.0,10.4
STORE_22,PROD_019,1,0,0,1,2,14000.0,5.78
STORE_22,PROD_020,2,0,0,3,2,31000.0,2.26
STORE_22,PROD_021,3,0,0,3,2,54000.0,3.25
STORE_22,PROD_022,3,0,0,3,2,61500.0,4.73
STORE_22,PROD_023,2,0,0,2,2,44000.0,9.45
STORE_22,PROD_024,2,0,0,2,2,49000.0,7.43
STORE_22,PROD_025,3,0,0,3,2,49500.0,3.32
STORE_22,PROD_026,3,0,0,3,2,57000.0,3.32
STORE_22,PROD_027,2,0,0,2,2,52000.0,3.15
STORE_22,PROD_028,3,0,0,3,2,84000.0,4.73
STORE_22,PROD_029,4,0,0,3,2,120000.0,4.52
STORE_22,PROD_030,0,0,0,0,2,0.0,0.0
STORE_22,PROD_031,3,0,0,3,2,52500.0,4.59
STORE_22,PROD_032,2,0,0,2,2,42000.0,6.93
STORE_22,PROD_033,2,0,0,3,2,46000.0,2.26
STORE_22,PROD_034,2,0,0,2,2,32000.0,8.67
STORE_22,PROD_035,2,0,0,2,2,34400.0,8.0
STORE_22,PROD_036,2,0,0,3,2,29000.0,2.17
STORE_22,PROD_037,2,0,0,3,2,39000.0,3.25
STORE_22,PROD_038,2,0,0,3,2,54000.0,2.21
STORE_22,PROD_039,0,0,0,0,2,0.0,0.0
STORE_22,PROD_040,1,0,0,1,2,42000.0,10.0
STORE_22,PROD_041,1,0,0,1,2,46000.0,10.0
STORE_22,PROD_042,1,0,0,1,2,50000.0,10.0
STORE_22,PROD_043,0,0,0,0,2,0.0,0.0
STORE_22,PROD_044,1,0,0,1,2,58000.0,10.0
STORE_22,PROD_045,1,0,0,1,2,35000.0,10.0
STORE_22,PROD_046,1,0,0,1,2,40000.0,10.0
STORE_22,PROD_047,1,0,0,1,2,44000.0,10.0
STORE_22,PROD_048,1,0,0,1,2,48000.0,10.0
STORE_22,PROD_049,1,0,0,1,2,52000.0,10.0
STORE_22,PROD_050,1,0,0,1,2,43000.0,10.0
STORE_22,PROD_051,0,0,0,0,2,0.0,0.0
STORE_22,PROD_052,1,0,0,1,2,39000.0,10.0
STORE_22,PROD_053,0,0,0,0,2,0.0,0.0
STORE_22,PROD_054,0,0,0,0,2,0.0,0.0
STORE_22,PROD_055,0,0,0,0,2,0.0,0.0
STORE_22,PROD_056,0,0,0,0,2,0.0,0.0
STORE_22,PROD_057,0,0,0,0,2,0.0,0.0
STORE_22,PROD_058,0,0,0,0,2,0.0,0.0
STORE_22,PROD_059,0,0,0,0,2,0.0,0.0
STORE_22,PROD_060,0,0,0,0,2,0.0,0.0
STORE_23,PROD_001,8,0,0,7,3,52000.0,3.71
STORE_23,PROD_002,9,0,0,8,4,76500.0,5.64
STORE_23,PROD_003,3,0,0,4,2,21600.0,5.78
STORE_23,PROD_004,4,0,0,4,2,31200.0,5.2
STORE_23,PROD_005,0,0,0,0,2,0.0,0.0
STORE_23,PROD_006,7,0,0,7,3,43400.0,3.11
STORE_23,PROD_007,9,0,0,7,3,81000.0,4.22
STORE_23,PROD_008,6,0,0,6,3,57000.0,3.67
STORE_23,PROD_009,7,0,0,6,3,77000.0,3.28
STORE_23,PROD_010,5,0,0,6,3,60000.0,3.13
STORE_23,PROD_011,3,0,0,4,2,31500.0,4.59
STORE_23,PROD_012,3,0,0,3,2,33600.0,4.46
STORE_23,PROD_013,6,0,0,6,3,49200.0,3.03
STORE_23,PROD_014,6,0,0,6,3,61200.0,3.76
STORE_23,PROD_015,3,0,0,3,2,29400.0,4.33
STORE_23,PROD_016,9,0,0,7,3,103500.0,5.51
STORE_23,PROD_017,1,0,0,1,2,6800.0,10.0
STORE_23,PROD_018,5,0,0,6,3,37000.0,4.73
STORE_23,PROD_019,2,0,0,2,2,28000.0,7.43
STORE_23,PROD_020,3,0,0,3,2,46500.0,3.32
STORE_23,PROD_021,3,0,0,3,2,54000.0,3.18
STORE_23,PROD_022,2,0,0,3,2,41000.0,2.97
STORE_23,PROD_023,2,0,0,2,2,44000.0,7.43
STORE_23,PROD_024,2,0,0,2,2,49000.0,5.78
STORE_23,PROD_025,4,0,0,3,2,66000.0,4.33
STORE_23,PROD_026,3,0,0,3,2,57000.0,3.25
STORE_23,PROD_027,4,0,0,3,2,104000.0,5.94
STORE_23,PROD_028,3,0,0,3,2,84000.0,4.46
STORE_23,PROD_029,4,0,0,4,2,120000.0,4.33
STORE_23,PROD_030,0,0,0,0,2,0.0,0.0
STORE_23,PROD_031,3,0,0,3,2,52500.0,4.59
STORE_23,PROD_032,2,0,0,2,2,42000.0,6.5
STORE_23,PROD_033,3,0,0,4,2,69000.0,3.25
STORE_23,PROD_034,2,0,0,2,2,32000.0,7.43
STORE_23,PROD_035,2,0,0,2,2,34400.0,7.43
STORE_23,PROD_036,2,0,0,3,2,29000.0,2.17
STORE_23,PROD_037,3,0,0,3,2,58500.0,4.59
STORE_23,PROD_038,4,0,0,3,2,108000.0,4.33
STORE_23,PROD_039,0,0,0,0,2,0.0,0.0
STORE_23,PROD_040,1,0,0,1,2,42000.0,10.0
STORE_23,PROD_041,1,0,0,1,2,46000.0,10.0
STORE_23,PROD_042,1,0,0,1,2,50000.0,10.0
STORE_23,PROD_043,0,0,0,0,2,0.0,0.0
STORE_23,PROD_044,1,0,0,1,2,58000.0,10.0
STORE_23,PROD_045,1,0,0,1,2,35000.0,10.0
STORE_23,PROD_046,1,0,0,1,2,40000.0,10.0
STORE_23,PROD_047,1,0,0,1,2,44000.0,10.0
STORE_23,PROD_048,1,0,0,1,2,48000.0,10.0
STORE_23,PROD_049,1,0,0,1,2,52000.0,10.0
STORE_23,PROD_050,1,0,0,1,2,43000.0,10.0
STORE_23,PROD_051,0,0,0,0,2,0.0,0.0
STORE_23,PROD_052,1,0,0,1,2,39000.0,10.0
STORE_23,PROD_053,0,0,0,0,2,0.0,0.0
STORE_23,PROD_054,0,0,0,0,2,0.0,0.0
STORE_23,PROD_055,0,0,0,0,2,0.0,0.0
STORE_23,PROD_056,0,0,0,0,2,0.0,0.0
STORE_23,PROD_057,0,0,0,0,2,0.0,0.0
STORE_23,PROD_058,0,0,0,0,2,0.0,0.0
STORE_23,PROD_059,0,0,0,0,2,0.0,0.0
STORE_23,PROD_060,0,0,0,0,2,0.0,0.0
STORE_24,PROD_001,6,0,0,6,3,39000.0,3.35
STORE_24,PROD_002,6,0,0,6,3,51000.0,4.73
STORE_24,PROD_003,3,0,0,3,2,21600.0,7.09
STORE_24,PROD_004,3,0,0,3,2,23400.0,5.38
STORE_24,PROD_005,0,0,0,0,2,0.0,0.0
STORE_24,PROD_006,6,0,0,5,2,37200.0,3.32
STORE_24,PROD_007,4,0,0,6,3,36000.0,2.31
STORE_24,PROD_008,5,0,0,6,3,47500.0,3.94
STORE_24,PROD_009,4,0,0,5,2,44000.0,2.26
STORE_24,PROD_010,4,0,0,5,2,48000.0,3.1
STORE_24,PROD_011,4,0,0,3,2,42000.0,9.04
STORE_24,PROD_012,4,0,0,3,2,44800.0,7.17
STORE_24,PROD_013,5,0,0,5,2,41000.0,2.8
STORE_24,PROD_014,6,0,0,6,3,61200.0,4.59
STORE_24,PROD_015,3,0,0,3,2,29400.0,5.38
STORE_24,PROD_016,6,0,0,5,2,69000.0,4.46
STORE_24,PROD_017,1,0,0,1,2,6800.0,10.0
STORE_24,PROD_018,3,0,0,3,2,22200.0,4.88
STORE_24,PROD_019,3,0,0,3,2,42000.0,8.67
STORE_24,PROD_020,3,0,0,4,2,46500.0,2.44
STORE_24,PROD_021,4,0,0,4,2,72000.0,3.06
STORE_24,PROD_022,4,0,0,4,2,82000.0,3.65
STORE_24,PROD_023,2,0,0,2,2,44000.0,5.47
STORE_24,PROD_024,2,0,0,2,2,49000.0,4.33
STORE_24,PROD_025,4,0,0,4,2,66000.0,3.41
STORE_24,PROD_026,3,0,0,4,2,57000.0,2.44
STORE_24,PROD_027,4,0,0,4,2,104000.0,3.85
STORE_24,PROD_028,4,0,0,5,2,112000.0,3.92
STORE_24,PROD_029,5,0,0,4,2,150000.0,3.94
STORE_24,PROD_030,1,0,0,1,2,25000.0,10.0
STORE_24,PROD_031,6,0,0,5,2,105000.0,5.67
STORE_24,PROD_032,2,0,0,2,2,42000.0,4.33
STORE_24,PROD_033,4,0,0,4,2,92000.0,3.01
STORE_24,PROD_034,3,0,0,3,2,48000.0,8.21
STORE_24,PROD_035,2,0,0,2,2,34400.0,4.73
STORE_24,PROD_036,3,0,0,4,2,43500.0,2.4
STORE_24,PROD_037,4,0,0,4,2,78000.0,3.92
STORE_24,PROD_038,3,0,0,4,2,81000.0,2.6
STORE_24,PROD_039,1,0,0,1,2,38000.0,7.43
STORE_24,PROD_040,3,0,0,3,2,126000.0,3.55
STORE_24,PROD_041,2,0,0,3,2,92000.0,2.36
STORE_24,PROD_042,2,0,0,3,2,100000.0,3.47
STORE_24,PROD_043,1,0,0,1,2,54000.0,8.67
STORE_24,PROD_044,1,0,0,1,2,58000.0,4.0
STORE_24,PROD_045,4,0,0,4,2,140000.0,4.62
STORE_24,PROD_046,2,0,0,3,2,80000.0,2.36
STORE_24,PROD_047,3,0,0,3,2,132000.0,5.2
STORE_24,PROD_048,4,0,0,3,2,192000.0,6.71
STORE_24,PROD_049,1,0,0,1,2,52000.0,4.0
STORE_24,PROD_050,2,0,0,2,2,86000.0,3.35
STORE_24,PROD_051,1,0,0,1,2,37000.0,10.0
STORE_24,PROD_052,1,0,0,1,2,39000.0,4.33
STORE_24,PROD_053,0,0,0,0,2,0.0,0.0
STORE_24,PROD_054,1,0,0,1,2,82000.0,10.0
STORE_24,PROD_055,0,0,0,0,2,0.0,0.0
STORE_24,PROD_056,1,0,0,1,2,102000.0,10.0
STORE_24,PROD_057,0,0,0,0,2,0.0,0.0
STORE_24,PROD_058,1,0,0,1,2,118000.0,10.0
STORE_24,PROD_059,1,0,0,1,2,78000.0,10.0
STORE_24,PROD_060,1,0,0,1,2,85000.0,10.0
STORE_25,PROD_001,5,0,0,5,2,32500.0,2.74
STORE_25,PROD_002,6,0,0,6,3,51000.0,4.66
STORE_25,PROD_003,3,0,0,4,2,21600.0,6.5
STORE_25,PROD_004,4,0,0,4,2,31200.0,5.78
STORE_25,PROD_005,0,0,0,0,2,0.0,0.0
STORE_25,PROD_006,6,0,0,7,3,37200.0,3.32
STORE_25,PROD_007,6,0,0,6,3,54000.0,3.25
STORE_25,PROD_008,9,0,0,7,3,85500.0,6.69
STORE_25,PROD_009,4,0,0,5,2,44000.0,2.14
STORE_25,PROD_010,6,0,0,6,3,72000.0,4.46
STORE_25,PROD_011,4,0,0,4,2,42000.0,6.71
STORE_25,PROD_012,2,0,0,2,2,22400.0,3.47
STORE_25,PROD_013,6,0,0,6,3,49200.0,3.28
STORE_25,PROD_014,7,0,0,6,3,71400.0,5.2
STORE_25,PROD_015,3,0,0,3,2,29400.0,5.03
STORE_25,PROD_016,5,0,0,5,2,57500.0,3.71
STORE_25,PROD_017,1,0,0,1,2,6800.0,10.0
STORE_25,PROD_018,4,0,0,5,2,29600.0,5.78
STORE_25,PROD_019,4,0,0,3,2,56000.0,11.56
STORE_25,PROD_020,4,0,0,4,2,62000.0,2.81
STORE_25,PROD_021,4,0,0,6,3,72000.0,2.67
STORE_25,PROD_022,5,0,0,4,2,102500.0,4.41
STORE_25,PROD_023,3,0,0,3,2,66000.0,7.09
STORE_25,PROD_024,2,0,0,2,2,49000.0,4.16
STORE_25,PROD_025,4,0,0,4,2,66000.0,2.81
STORE_25,PROD_026,6,0,0,5,2,114000.0,4.22
STORE_25,PROD_027,5,0,0,4,2,130000.0,4.56
STORE_25,PROD_028,5,0,0,5,2,140000.0,4.48
STORE_25,PROD_029,5,0,0,5,2,150000.0,3.51
STORE_25,PROD_030,1,0,0,1,2,25000.0,10.0
STORE_25,PROD_031,5,0,0,4,2,87500.0,4.41
STORE_25,PROD_032,2,0,0,2,2,42000.0,4.52
STORE_25,PROD_033,4,0,0,5,2,92000.0,2.51
STORE_25,PROD_034,3,0,0,3,2,48000.0,7.8
STORE_25,PROD_035,2,0,0,2,2,34400.0,4.73
STORE_25,PROD_036,4,0,0,4,2,58000.0,2.74
STORE_25,PROD_037,5,0,0,5,2,97500.0,4.19
STORE_25,PROD_038,4,0,0,5,2,108000.0,2.85
STORE_25,PROD_039,1,0,0,1,2,38000.0,5.2
STORE_25,PROD_040,3,0,0,3,2,126000.0,3.47
STORE_25,PROD_041,2,0,0,3,2,92000.0,2.31
STORE_25,PROD_042,3,0,0,3,2,150000.0,4.73
STORE_25,PROD_043,1,0,0,1,2,54000.0,6.5
STORE_25,PROD_044,1,0,0,2,2,58000.0,3.71
STORE_25,PROD_045,3,0,0,3,2,105000.0,3.39
STORE_25,PROD_046,3,0,0,4,2,120000.0,3.39
STORE_25,PROD_047,2,0,0,2,2,88000.0,3.25
STORE_25,PROD_048,2,0,0,3,2,96000.0,3.25
STORE_25,PROD_049,1,0,0,1,2,52000.0,4.0
STORE_25,PROD_050,2,0,0,2,2,86000.0,3.25
STORE_25,PROD_051,1,0,0,2,2,37000.0,4.33
STORE_25,PROD_052,2,0,0,2,2,78000.0,8.0
STORE_25,PROD_053,0,0,0,0,2,0.0,0.0
STORE_25,PROD_054,1,0,0,1,2,82000.0,5.78
STORE_25,PROD_055,0,0,0,0,2,0.0,0.0
STORE_25,PROD_056,1,0,0,1,2,102000.0,4.73
STORE_25,PROD_057,0,0,0,0,2,0.0,0.0
STORE_25,PROD_058,1,0,0,1,2,118000.0,10.0
STORE_25,PROD_059,1,0,0,1,2,78000.0,4.73
STORE_25,PROD_060,1,0,0,1,2,85000.0,6.5
